<?xml version="1.0" encoding="utf-8"?>
<Export xmlns:xsd="http://www.w3.org/2001/XMLSchema" xmlns:xsi="http://www.w3.org/2001/XMLSchema-instance" xmlns="http://www.perceptive.com/2010/10/DataLabsXC/Integration/AdvancedExport">
  <Mapping>
    <DataShapes>
      <DataShape Name="Create_Scr_Stdy" Type="Labs">
        <SubDataShape Name="LabElements" Category="Lab Mapping" IsMultipleInstance="true" DomainName="LabElements">
          <DataReference Name="LAB_ID" Label="Lab ID" Value="Data.*.*.*.LabID.Value" SortOrder="2" MappingType="D" LabelString="Data.*.*.*.LabID.Value" />
          <DataReference Name="Lab_Name" Label="Lab Name" Value="" SortOrder="3" LabelString="" />
          <DataReference Name="Company" Label="Company" Value="" SortOrder="4" LabelString="" />
          <DataReference Name="Lab_Address" Label="Lab Address" Value="" SortOrder="5" LabelString="" />
          <DataReference Name="Country" Label="Country" Value="" SortOrder="6" LabelString="" />
          <DataReference Name="CRF_Collection_Date" Label="CRF Collection Date" Value="Data.*.*.*.CRFCollectionDate.Value" SortOrder="8" MappingType="D" LabelString="Data.*.*.*.CRFCollectionDate.Value" />
          <DataReference Name="CRF_Lab_Test_Name" Label="CRF Lab Test Name" Value="Data.*.*.*.CRFLabTests.Value" SortOrder="9" MappingType="D" LabelString="Data.*.*.*.CRFLabTests.Value" />
          <DataReference Name="Lab_Test_Description " Label="Lab Test Description " Value="" SortOrder="10" LabelString="" />
          <DataReference Name="CRF_Lab_Value" Label="CRF Lab Value" Value="Data.*.*.*.LabValue.Value" SortOrder="11" MappingType="D" LabelString="Data.*.*.*.LabValue.Value" />
          <DataReference Name="CRF_Lab_(Original)_Unit" Label="CRF Lab (Original) Unit" Value="Data.*.*.*.CRFLabUnits.Value" SortOrder="12" MappingType="D" LabelString="Data.*.*.*.CRFLabUnits.Value" />
          <DataReference Name="Lab_Test_Name" Label="Lab Test Name" Value="" SortOrder="14" LabelString="" />
          <DataReference Name="Lab_Test_Code" Label="Lab Test Code" Value="" SortOrder="15" LabelString="" />
          <DataReference Name="LOINC_Code" Label="LOINC Code" Value="" SortOrder="17" LabelString="" />
          <DataReference Name="Category" Label="Category" Value="" SortOrder="18" LabelString="" />
          <DataReference Name="Sub_category" Label="Subcategory" Value="" SortOrder="19" LabelString="" />
          <DataReference Name="Specimen" Label="Specimen" Value="" SortOrder="20" LabelString="" />
          <DataReference Name="Method" Label="Method" Value="" SortOrder="21" LabelString="" />
          <DataReference Name="Result_Type" Label="Result Type" Value="" SortOrder="22" LabelString="" />
          <DataReference Name="Normal_Reference_Range_Low" Label="Normal Reference Range Low" Value="" SortOrder="24" LabelString="" />
          <DataReference Name="Normal_Reference_Range_High" Label="Normal Reference Range High" Value="" SortOrder="25" LabelString="" />
          <DataReference Name="Critical_Reference_Range_Low" Label="Critical Reference Range Low" Value="" SortOrder="26" LabelString="" />
          <DataReference Name="Critical_Reference_Range_High" Label="Critical Reference Range High" Value="" SortOrder="27" LabelString="" />
          <DataReference Name="Reference_Range_Not_Applicable" Label="Reference Range Not Applicable" Value="" SortOrder="28" LabelString="" />
          <DataReference Name="Reference_Range_ID" Label="Reference Range ID" Value="" SortOrder="29" LabelString="" />
          <DataReference Name="Out_of_Normal_Range_Indicator" Label="Out of Normal Range Indicator" Value="" SortOrder="30" LabelString="" />
          <DataReference Name="Normalized_Patient_Lab_Value" Label="Normalized Patient Lab Value" Value="Data.*.*.*.Precision.Value" SortOrder="32" MappingType="D" LabelString="Data.*.*.*.Precision.Value" />
          <DataReference Name="Normalized_Lab_Unit" Label="Normalized Lab Unit" Value="" SortOrder="33" LabelString="" />
          <DataReference Name="Normalized_Normal_Reference_Range_Low" Label="Normalized Normal Reference Range Low" Value="" SortOrder="34" LabelString="" />
          <DataReference Name="Normalized_Normal_Reference_Range_High" Label="Normalized Normal Reference Range High" Value="" SortOrder="35" LabelString="" />
          <DataReference Name="Normalized_Critical_Reference_Range_Low" Label="Normalized Critical Reference Range Low" Value="" SortOrder="36" LabelString="" />
          <DataReference Name="Normalized_Critical_Reference_Range_High" Label="Normalized Critical Reference Range High" Value="" SortOrder="37" LabelString="" />
          <DataReference Name="Precision" Label="Precision" Value="" SortOrder="38" LabelString="" />
          <DataReference Name="Conversion_Factor" Label="Conversion Factor" Value="Data.*.*.*.ConversionFactor.Value" SortOrder="39" MappingType="D" LabelString="Data.*.*.*.ConversionFactor.Value" />
        </SubDataShape>
        <SubDataShape Name="Attribute Mapping" Category="Attribute Mapping" IsMultipleInstance="false">
          <DataReference Name="GENDER" Label="Gender" Value="Data.Event1.LabForm.Gender.Gender.Value" SortOrder="1" MappingType="M" LabelString="Data.Event1.LabForm.Gender (Gender).Gender.Value">
            <CodeListMappings SourceCodeListName="Gender" StandardCodeListName="GENDER_LAB">
              <CodeListMapping SourceItemName="Female" StandardItemName="Female" />
              <CodeListMapping SourceItemName="Male" StandardItemName="Male" />
              <CodeListMapping SourceItemName="Not Specified" StandardItemName="Not Specified" />
            </CodeListMappings>
          </DataReference>
          <DataReference Name="DATE_OF_BIRTH_SELECTION" Label="Date of Birth / Age" Value="Date of Birth (Whole Date)" SortOrder="2" MappingType="D" LabelString="Date of Birth (Whole Date)" />
          <DataReference Name="DATE_OF_BIRTH_WHOLEDATE" Label="Date of Birth (Whole Date)" Value="Data.Event1.LabForm.Age.Age.Value" SortOrder="3" MappingType="M" LabelString="Data.Event1.LabForm.Age (Age).Age.Value" />
        </SubDataShape>
      </DataShape>
    </DataShapes>
    <LabCategory>
      <Category Name="Lab Mapping" Desc="Lab Mapping" IsMultipleInstance="true">
        <Attribute Name="Laboratory" Label="Laboratory" AgeCalculationType="None" />
        <Attribute Name="LAB_ID" Label="Lab ID" AgeCalculationType="None" />
        <Attribute Name="Lab_Name" Label="Lab Name" AgeCalculationType="None" />
        <Attribute Name="Company" Label="Company" AgeCalculationType="None" />
        <Attribute Name="Lab_Address" Label="Lab Address" AgeCalculationType="None" />
        <Attribute Name="Country" Label="Country" AgeCalculationType="None" />
        <Attribute Name="Subject_Lab_Value" Label="Subject Lab Value" AgeCalculationType="None" />
        <Attribute Name="CRF_Collection_Date" Label="CRF Collection Date" AgeCalculationType="None" />
        <Attribute Name="CRF_Lab_Test_Name" Label="CRF Lab Test Name" AgeCalculationType="None" />
        <Attribute Name="Lab_Test_Description " Label="Lab Test Description " AgeCalculationType="None" />
        <Attribute Name="CRF_Lab_Value" Label="CRF Lab Value" AgeCalculationType="None" />
        <Attribute Name="CRF_Lab_(Original)_Unit" Label="CRF Lab (Original) Unit" AgeCalculationType="None" />
        <Attribute Name="Dictionary_Lab_Test_Properties" Label="Dictionary Lab Test Properties" AgeCalculationType="None" />
        <Attribute Name="Lab_Test_Name" Label="Lab Test Name" AgeCalculationType="None" />
        <Attribute Name="Lab_Test_Code" Label="Lab Test Code" AgeCalculationType="None" />
        <Attribute Name="LOINC_Code" Label="LOINC Code" AgeCalculationType="None" />
        <Attribute Name="Category" Label="Category" AgeCalculationType="None" />
        <Attribute Name="Sub_category" Label="Subcategory" AgeCalculationType="None" />
        <Attribute Name="Specimen" Label="Specimen" AgeCalculationType="None" />
        <Attribute Name="Method" Label="Method" AgeCalculationType="None" />
        <Attribute Name="Result_Type" Label="Result Type" AgeCalculationType="None" />
        <Attribute Name="Reference_Range" Label="Reference Range" AgeCalculationType="None" />
        <Attribute Name="Normal_Reference_Range_Low" Label="Normal Reference Range Low" AgeCalculationType="None" />
        <Attribute Name="Normal_Reference_Range_High" Label="Normal Reference Range High" AgeCalculationType="None" />
        <Attribute Name="Critical_Reference_Range_Low" Label="Critical Reference Range Low" AgeCalculationType="None" />
        <Attribute Name="Critical_Reference_Range_High" Label="Critical Reference Range High" AgeCalculationType="None" />
        <Attribute Name="Reference_Range_Not_Applicable" Label="Reference Range Not Applicable" AgeCalculationType="None" />
        <Attribute Name="Reference_Range_ID" Label="Reference Range ID" AgeCalculationType="None" />
        <Attribute Name="Out_of_Normal_Range_Indicator" Label="Out of Normal Range Indicator" AgeCalculationType="None" />
        <Attribute Name="Normalization" Label="Normalization" AgeCalculationType="None" />
        <Attribute Name="Normalized_Patient_Lab_Value" Label="Normalized Patient Lab Value" AgeCalculationType="None" />
        <Attribute Name="Normalized_Lab_Unit" Label="Normalized Lab Unit" AgeCalculationType="None" />
        <Attribute Name="Normalized_Normal_Reference_Range_Low" Label="Normalized Normal Reference Range Low" AgeCalculationType="None" />
        <Attribute Name="Normalized_Normal_Reference_Range_High" Label="Normalized Normal Reference Range High" AgeCalculationType="None" />
        <Attribute Name="Normalized_Critical_Reference_Range_Low" Label="Normalized Critical Reference Range Low" AgeCalculationType="None" />
        <Attribute Name="Normalized_Critical_Reference_Range_High" Label="Normalized Critical Reference Range High" AgeCalculationType="None" />
        <Attribute Name="Precision" Label="Precision" AgeCalculationType="None" />
        <Attribute Name="Conversion_Factor" Label="Conversion Factor" AgeCalculationType="None" />
      </Category>
      <Category Name="Attribute Mapping" Desc="Attribute Mapping" IsMultipleInstance="false">
        <Attribute Name="GENDER" Label="Gender" AgeCalculationType="None" />
        <Attribute Name="DATE_OF_BIRTH_SELECTION" Label="Date of Birth / Age" AgeCalculationType="None" />
        <Attribute Name="DATE_OF_BIRTH_WHOLEDATE" Label="Date of Birth (Whole Date)" AgeCalculationType="Date of Birth (Whole Date)" />
        <Attribute Name="DATE_OF_BIRTH_DAY" Label="Date of Birth (Day)" AgeCalculationType="Date of Birth (Day, Month, Year)" />
        <Attribute Name="DATE_OF_BIRTH_MONTH" Label="Date of Birth (Month)" AgeCalculationType="Date of Birth (Day, Month, Year)" />
        <Attribute Name="DATE_OF_BIRTH_YEAR" Label="Date of Birth (Year)" AgeCalculationType="Date of Birth (Day, Month, Year)" />
        <Attribute Name="AGE" Label="Age" AgeCalculationType="Age" />
        <Attribute Name="AGE_UNIT" Label="Age Unit" AgeCalculationType="Age" />
      </Category>
    </LabCategory>
    <DictionaryMapping>
      <LabDictionary LabDictionaryName="Lab-Dictionary-1" LabDictionaryLabel="Lab-Dictionary-1" FileName="DataLabsEDC_LabDictionary_GS1-Version-1.xlsx" />
      <TestMappings>
        <TestMapping TestName="Hemoglobin" TestDescription="HGB" XCCode_GUID="00000000-0000-0000-0000-000000000000" XCCodeList_GUID="00000000-0000-0000-0000-000000000000" Category="RBC" SubCategory="Serum" DisplayinReferenceRange="false" IsValid="false" IsCopied="false" />
        <TestMapping TestName="BiteCells" TestDescription="BITECE" XCCode_GUID="00000000-0000-0000-0000-000000000000" XCCodeList_GUID="00000000-0000-0000-0000-000000000000" Category="RBC" SubCategory="Serum" DisplayinReferenceRange="false" IsValid="false" IsCopied="false" />
        <TestMapping TestName="LabTest1" TestDescription="Test1" XCCode_GUID="00000086-0000-0000-0000-000000000000" XCCodeList_GUID="00000072-0000-0000-0000-000000000000" Category="" SubCategory="" DisplayinReferenceRange="false" IsValid="true" IsCopied="false" />
        <TestMapping TestName="LabTest2" TestDescription="Test2" XCCode_GUID="00000085-0000-0000-0000-000000000000" XCCodeList_GUID="00000072-0000-0000-0000-000000000000" Category="" SubCategory="" DisplayinReferenceRange="false" IsValid="true" IsCopied="false" />
        <TestMapping TestName="LabTest3" TestDescription="Test3" XCCode_GUID="00000000-0000-0000-0000-000000000000" XCCodeList_GUID="00000000-0000-0000-0000-000000000000" Category="" SubCategory="" DisplayinReferenceRange="false" IsValid="false" IsCopied="false" />
        <TestMapping TestName="Test11" TestDescription="Test1" XCCode_GUID="00000000-0000-0000-0000-000000000000" XCCodeList_GUID="00000000-0000-0000-0000-000000000000" Category="" SubCategory="" DisplayinReferenceRange="false" IsValid="false" IsCopied="false" />
        <TestMapping TestName="LabTest21" TestDescription="Test2" XCCode_GUID="00000000-0000-0000-0000-000000000000" XCCodeList_GUID="00000000-0000-0000-0000-000000000000" Category="" SubCategory="" DisplayinReferenceRange="false" IsValid="false" IsCopied="false" />
        <TestMapping TestName="LabTest31" TestDescription="Test3" XCCode_GUID="00000000-0000-0000-0000-000000000000" XCCodeList_GUID="00000000-0000-0000-0000-000000000000" Category="" SubCategory="" DisplayinReferenceRange="false" IsValid="false" IsCopied="false" />
        <TestMapping TestName="LabTest12" TestDescription="Test1" XCCode_GUID="00000000-0000-0000-0000-000000000000" XCCodeList_GUID="00000000-0000-0000-0000-000000000000" Category="" SubCategory="" DisplayinReferenceRange="false" IsValid="false" IsCopied="false" />
        <TestMapping TestName="Test22" TestDescription="Test2" XCCode_GUID="00000000-0000-0000-0000-000000000000" XCCodeList_GUID="00000000-0000-0000-0000-000000000000" Category="" SubCategory="" DisplayinReferenceRange="false" IsValid="false" IsCopied="false" />
        <TestMapping TestName="LabTest32" TestDescription="Test3" XCCode_GUID="00000000-0000-0000-0000-000000000000" XCCodeList_GUID="00000000-0000-0000-0000-000000000000" Category="" SubCategory="" DisplayinReferenceRange="false" IsValid="false" IsCopied="false" />
        <TestMapping TestName="Test13" TestDescription="Test1" XCCode_GUID="00000000-0000-0000-0000-000000000000" XCCodeList_GUID="00000000-0000-0000-0000-000000000000" Category="" SubCategory="" DisplayinReferenceRange="false" IsValid="false" IsCopied="false" />
        <TestMapping TestName="LabTest23" TestDescription="Test2" XCCode_GUID="00000000-0000-0000-0000-000000000000" XCCodeList_GUID="00000000-0000-0000-0000-000000000000" Category="" SubCategory="" DisplayinReferenceRange="true" IsValid="false" IsCopied="false" />
        <TestMapping TestName="Test33" TestDescription="Test3" XCCode_GUID="00000000-0000-0000-0000-000000000000" XCCodeList_GUID="00000000-0000-0000-0000-000000000000" Category="" SubCategory="" DisplayinReferenceRange="false" IsValid="false" IsCopied="false" />
        <TestMapping TestName="MRR-LabTEST1" TestDescription="1" XCCode_GUID="00000000-0000-0000-0000-000000000000" XCCodeList_GUID="00000000-0000-0000-0000-000000000000" Category="Hemo" SubCategory="RBC" DisplayinReferenceRange="false" IsValid="false" IsCopied="false" />
        <TestMapping TestName="MRR-LabTEST2" TestDescription="2" XCCode_GUID="00000000-0000-0000-0000-000000000000" XCCodeList_GUID="00000000-0000-0000-0000-000000000000" Category="Hemo" SubCategory="RBC" DisplayinReferenceRange="false" IsValid="false" IsCopied="false" />
      </TestMappings>
      <UnitMappings>
        <UnitMapping UnitName="[Blank]" UnitDescription="X" XCCode_GUID="0000007f-0000-0000-0000-000000000000" XCCodeList_GUID="00000071-0000-0000-0000-000000000000" IsValid="true" IsCopied="false" />
        <UnitMapping UnitName="Unit1" UnitDescription="Unit1desc" XCCode_GUID="00000000-0000-0000-0000-000000000000" XCCodeList_GUID="00000000-0000-0000-0000-000000000000" IsValid="false" IsCopied="false" />
        <UnitMapping UnitName="Unit2" UnitDescription="Unit2desc" XCCode_GUID="00000000-0000-0000-0000-000000000000" XCCodeList_GUID="00000000-0000-0000-0000-000000000000" IsValid="false" IsCopied="false" />
        <UnitMapping UnitName="Unit3" UnitDescription="Unit3desc" XCCode_GUID="00000000-0000-0000-0000-000000000000" XCCodeList_GUID="00000000-0000-0000-0000-000000000000" IsValid="false" IsCopied="false" />
        <UnitMapping UnitName="unit4" UnitDescription="Unit4desc" XCCode_GUID="00000000-0000-0000-0000-000000000000" XCCodeList_GUID="00000000-0000-0000-0000-000000000000" IsValid="false" IsCopied="false" />
        <UnitMapping UnitName="mg" UnitDescription="mg" XCCode_GUID="00000000-0000-0000-0000-000000000000" XCCodeList_GUID="00000000-0000-0000-0000-000000000000" IsValid="false" IsCopied="false" />
        <UnitMapping UnitName="u/L" UnitDescription="u/L" XCCode_GUID="00000000-0000-0000-0000-000000000000" XCCodeList_GUID="00000000-0000-0000-0000-000000000000" IsValid="false" IsCopied="false" />
        <UnitMapping UnitName="kg" UnitDescription="kg" XCCode_GUID="00000000-0000-0000-0000-000000000000" XCCodeList_GUID="00000000-0000-0000-0000-000000000000" IsValid="false" IsCopied="false" />
        <UnitMapping UnitName="Mg/L" UnitDescription="Mg/L" XCCode_GUID="00000000-0000-0000-0000-000000000000" XCCodeList_GUID="00000000-0000-0000-0000-000000000000" IsValid="false" IsCopied="false" />
        <UnitMapping UnitName="Unit10" UnitDescription="10" XCCode_GUID="00000000-0000-0000-0000-000000000000" XCCodeList_GUID="00000000-0000-0000-0000-000000000000" IsValid="false" IsCopied="false" />
        <UnitMapping UnitName="11" UnitDescription="11" XCCode_GUID="00000000-0000-0000-0000-000000000000" XCCodeList_GUID="00000000-0000-0000-0000-000000000000" IsValid="false" IsCopied="false" />
        <UnitMapping UnitName="12" UnitDescription="12" XCCode_GUID="00000000-0000-0000-0000-000000000000" XCCodeList_GUID="00000000-0000-0000-0000-000000000000" IsValid="false" IsCopied="false" />
        <UnitMapping UnitName="13" UnitDescription="13" XCCode_GUID="00000000-0000-0000-0000-000000000000" XCCodeList_GUID="00000000-0000-0000-0000-000000000000" IsValid="false" IsCopied="false" />
        <UnitMapping UnitName="14" UnitDescription="14" XCCode_GUID="00000000-0000-0000-0000-000000000000" XCCodeList_GUID="00000000-0000-0000-0000-000000000000" IsValid="false" IsCopied="false" />
        <UnitMapping UnitName="15" UnitDescription="15" XCCode_GUID="00000000-0000-0000-0000-000000000000" XCCodeList_GUID="00000000-0000-0000-0000-000000000000" IsValid="false" IsCopied="false" />
        <UnitMapping UnitName="16" UnitDescription="16" XCCode_GUID="00000000-0000-0000-0000-000000000000" XCCodeList_GUID="00000000-0000-0000-0000-000000000000" IsValid="false" IsCopied="false" />
        <UnitMapping UnitName="17" UnitDescription="17" XCCode_GUID="00000000-0000-0000-0000-000000000000" XCCodeList_GUID="00000000-0000-0000-0000-000000000000" IsValid="false" IsCopied="false" />
        <UnitMapping UnitName="18" UnitDescription="18" XCCode_GUID="00000000-0000-0000-0000-000000000000" XCCodeList_GUID="00000000-0000-0000-0000-000000000000" IsValid="false" IsCopied="false" />
        <UnitMapping UnitName="19" UnitDescription="19" XCCode_GUID="00000000-0000-0000-0000-000000000000" XCCodeList_GUID="00000000-0000-0000-0000-000000000000" IsValid="false" IsCopied="false" />
        <UnitMapping UnitName="20" UnitDescription="20" XCCode_GUID="00000000-0000-0000-0000-000000000000" XCCodeList_GUID="00000000-0000-0000-0000-000000000000" IsValid="false" IsCopied="false" />
        <UnitMapping UnitName="21" UnitDescription="21" XCCode_GUID="00000000-0000-0000-0000-000000000000" XCCodeList_GUID="00000000-0000-0000-0000-000000000000" IsValid="false" IsCopied="false" />
        <UnitMapping UnitName="22" UnitDescription="22" XCCode_GUID="00000000-0000-0000-0000-000000000000" XCCodeList_GUID="00000000-0000-0000-0000-000000000000" IsValid="false" IsCopied="false" />
        <UnitMapping UnitName="23" UnitDescription="23" XCCode_GUID="00000000-0000-0000-0000-000000000000" XCCodeList_GUID="00000000-0000-0000-0000-000000000000" IsValid="false" IsCopied="false" />
        <UnitMapping UnitName="24" UnitDescription="24" XCCode_GUID="00000000-0000-0000-0000-000000000000" XCCodeList_GUID="00000000-0000-0000-0000-000000000000" IsValid="false" IsCopied="false" />
        <UnitMapping UnitName="25" UnitDescription="25" XCCode_GUID="00000000-0000-0000-0000-000000000000" XCCodeList_GUID="00000000-0000-0000-0000-000000000000" IsValid="false" IsCopied="false" />
        <UnitMapping UnitName="26" UnitDescription="26" XCCode_GUID="00000000-0000-0000-0000-000000000000" XCCodeList_GUID="00000000-0000-0000-0000-000000000000" IsValid="false" IsCopied="false" />
        <UnitMapping UnitName="27" UnitDescription="27" XCCode_GUID="00000000-0000-0000-0000-000000000000" XCCodeList_GUID="00000000-0000-0000-0000-000000000000" IsValid="false" IsCopied="false" />
        <UnitMapping UnitName="28" UnitDescription="28" XCCode_GUID="00000000-0000-0000-0000-000000000000" XCCodeList_GUID="00000000-0000-0000-0000-000000000000" IsValid="false" IsCopied="false" />
        <UnitMapping UnitName="29" UnitDescription="29" XCCode_GUID="00000000-0000-0000-0000-000000000000" XCCodeList_GUID="00000000-0000-0000-0000-000000000000" IsValid="false" IsCopied="false" />
        <UnitMapping UnitName="30" UnitDescription="30" XCCode_GUID="00000000-0000-0000-0000-000000000000" XCCodeList_GUID="00000000-0000-0000-0000-000000000000" IsValid="false" IsCopied="false" />
        <UnitMapping UnitName="31" UnitDescription="31" XCCode_GUID="00000000-0000-0000-0000-000000000000" XCCodeList_GUID="00000000-0000-0000-0000-000000000000" IsValid="false" IsCopied="false" />
        <UnitMapping UnitName="32" UnitDescription="32" XCCode_GUID="00000000-0000-0000-0000-000000000000" XCCodeList_GUID="00000000-0000-0000-0000-000000000000" IsValid="false" IsCopied="false" />
        <UnitMapping UnitName="33" UnitDescription="33" XCCode_GUID="00000000-0000-0000-0000-000000000000" XCCodeList_GUID="00000000-0000-0000-0000-000000000000" IsValid="false" IsCopied="false" />
        <UnitMapping UnitName="34" UnitDescription="34" XCCode_GUID="00000000-0000-0000-0000-000000000000" XCCodeList_GUID="00000000-0000-0000-0000-000000000000" IsValid="false" IsCopied="false" />
        <UnitMapping UnitName="35" UnitDescription="35" XCCode_GUID="00000000-0000-0000-0000-000000000000" XCCodeList_GUID="00000000-0000-0000-0000-000000000000" IsValid="false" IsCopied="false" />
        <UnitMapping UnitName="36" UnitDescription="36" XCCode_GUID="00000000-0000-0000-0000-000000000000" XCCodeList_GUID="00000000-0000-0000-0000-000000000000" IsValid="false" IsCopied="false" />
        <UnitMapping UnitName="37" UnitDescription="37" XCCode_GUID="00000000-0000-0000-0000-000000000000" XCCodeList_GUID="00000000-0000-0000-0000-000000000000" IsValid="false" IsCopied="false" />
        <UnitMapping UnitName="38" UnitDescription="38" XCCode_GUID="00000000-0000-0000-0000-000000000000" XCCodeList_GUID="00000000-0000-0000-0000-000000000000" IsValid="false" IsCopied="false" />
        <UnitMapping UnitName="39" UnitDescription="39" XCCode_GUID="00000000-0000-0000-0000-000000000000" XCCodeList_GUID="00000000-0000-0000-0000-000000000000" IsValid="false" IsCopied="false" />
        <UnitMapping UnitName="40" UnitDescription="40" XCCode_GUID="00000000-0000-0000-0000-000000000000" XCCodeList_GUID="00000000-0000-0000-0000-000000000000" IsValid="false" IsCopied="false" />
        <UnitMapping UnitName="41" UnitDescription="41" XCCode_GUID="00000000-0000-0000-0000-000000000000" XCCodeList_GUID="00000000-0000-0000-0000-000000000000" IsValid="false" IsCopied="false" />
        <UnitMapping UnitName="42" UnitDescription="42" XCCode_GUID="00000000-0000-0000-0000-000000000000" XCCodeList_GUID="00000000-0000-0000-0000-000000000000" IsValid="false" IsCopied="false" />
        <UnitMapping UnitName="43" UnitDescription="43" XCCode_GUID="00000000-0000-0000-0000-000000000000" XCCodeList_GUID="00000000-0000-0000-0000-000000000000" IsValid="false" IsCopied="false" />
        <UnitMapping UnitName="44" UnitDescription="44" XCCode_GUID="00000000-0000-0000-0000-000000000000" XCCodeList_GUID="00000000-0000-0000-0000-000000000000" IsValid="false" IsCopied="false" />
        <UnitMapping UnitName="45" UnitDescription="45" XCCode_GUID="00000000-0000-0000-0000-000000000000" XCCodeList_GUID="00000000-0000-0000-0000-000000000000" IsValid="false" IsCopied="false" />
        <UnitMapping UnitName="46" UnitDescription="46" XCCode_GUID="00000000-0000-0000-0000-000000000000" XCCodeList_GUID="00000000-0000-0000-0000-000000000000" IsValid="false" IsCopied="false" />
        <UnitMapping UnitName="47" UnitDescription="47" XCCode_GUID="00000000-0000-0000-0000-000000000000" XCCodeList_GUID="00000000-0000-0000-0000-000000000000" IsValid="false" IsCopied="false" />
        <UnitMapping UnitName="48" UnitDescription="48" XCCode_GUID="00000000-0000-0000-0000-000000000000" XCCodeList_GUID="00000000-0000-0000-0000-000000000000" IsValid="false" IsCopied="false" />
        <UnitMapping UnitName="49" UnitDescription="49" XCCode_GUID="00000000-0000-0000-0000-000000000000" XCCodeList_GUID="00000000-0000-0000-0000-000000000000" IsValid="false" IsCopied="false" />
        <UnitMapping UnitName="60" UnitDescription="60" XCCode_GUID="00000000-0000-0000-0000-000000000000" XCCodeList_GUID="00000000-0000-0000-0000-000000000000" IsValid="false" IsCopied="false" />
        <UnitMapping UnitName="61" UnitDescription="61" XCCode_GUID="00000000-0000-0000-0000-000000000000" XCCodeList_GUID="00000000-0000-0000-0000-000000000000" IsValid="false" IsCopied="false" />
        <UnitMapping UnitName="62" UnitDescription="62" XCCode_GUID="00000000-0000-0000-0000-000000000000" XCCodeList_GUID="00000000-0000-0000-0000-000000000000" IsValid="false" IsCopied="false" />
        <UnitMapping UnitName="63" UnitDescription="63" XCCode_GUID="00000000-0000-0000-0000-000000000000" XCCodeList_GUID="00000000-0000-0000-0000-000000000000" IsValid="false" IsCopied="false" />
        <UnitMapping UnitName="64" UnitDescription="64" XCCode_GUID="00000000-0000-0000-0000-000000000000" XCCodeList_GUID="00000000-0000-0000-0000-000000000000" IsValid="false" IsCopied="false" />
        <UnitMapping UnitName="65" UnitDescription="65" XCCode_GUID="00000000-0000-0000-0000-000000000000" XCCodeList_GUID="00000000-0000-0000-0000-000000000000" IsValid="false" IsCopied="false" />
        <UnitMapping UnitName="66" UnitDescription="66" XCCode_GUID="00000000-0000-0000-0000-000000000000" XCCodeList_GUID="00000000-0000-0000-0000-000000000000" IsValid="false" IsCopied="false" />
        <UnitMapping UnitName="67" UnitDescription="67" XCCode_GUID="00000000-0000-0000-0000-000000000000" XCCodeList_GUID="00000000-0000-0000-0000-000000000000" IsValid="false" IsCopied="false" />
        <UnitMapping UnitName="68" UnitDescription="68" XCCode_GUID="00000000-0000-0000-0000-000000000000" XCCodeList_GUID="00000000-0000-0000-0000-000000000000" IsValid="false" IsCopied="false" />
        <UnitMapping UnitName="69" UnitDescription="69" XCCode_GUID="00000000-0000-0000-0000-000000000000" XCCodeList_GUID="00000000-0000-0000-0000-000000000000" IsValid="false" IsCopied="false" />
        <UnitMapping UnitName="671" UnitDescription="671" XCCode_GUID="00000000-0000-0000-0000-000000000000" XCCodeList_GUID="00000000-0000-0000-0000-000000000000" IsValid="false" IsCopied="false" />
        <UnitMapping UnitName="681" UnitDescription="681" XCCode_GUID="00000000-0000-0000-0000-000000000000" XCCodeList_GUID="00000000-0000-0000-0000-000000000000" IsValid="false" IsCopied="false" />
        <UnitMapping UnitName="691" UnitDescription="691" XCCode_GUID="00000000-0000-0000-0000-000000000000" XCCodeList_GUID="00000000-0000-0000-0000-000000000000" IsValid="false" IsCopied="false" />
        <UnitMapping UnitName="02" UnitDescription="02" XCCode_GUID="00000000-0000-0000-0000-000000000000" XCCodeList_GUID="00000000-0000-0000-0000-000000000000" IsValid="false" IsCopied="false" />
        <UnitMapping UnitName="01" UnitDescription="01" XCCode_GUID="00000000-0000-0000-0000-000000000000" XCCodeList_GUID="00000000-0000-0000-0000-000000000000" IsValid="false" IsCopied="false" />
        <UnitMapping UnitName="03" UnitDescription="03" XCCode_GUID="00000000-0000-0000-0000-000000000000" XCCodeList_GUID="00000000-0000-0000-0000-000000000000" IsValid="false" IsCopied="false" />
        <UnitMapping UnitName="04" UnitDescription="04" XCCode_GUID="00000000-0000-0000-0000-000000000000" XCCodeList_GUID="00000000-0000-0000-0000-000000000000" IsValid="false" IsCopied="false" />
        <UnitMapping UnitName="05" UnitDescription="05" XCCode_GUID="00000000-0000-0000-0000-000000000000" XCCodeList_GUID="00000000-0000-0000-0000-000000000000" IsValid="false" IsCopied="false" />
        <UnitMapping UnitName="06" UnitDescription="06" XCCode_GUID="00000000-0000-0000-0000-000000000000" XCCodeList_GUID="00000000-0000-0000-0000-000000000000" IsValid="false" IsCopied="false" />
        <UnitMapping UnitName="07" UnitDescription="07" XCCode_GUID="00000000-0000-0000-0000-000000000000" XCCodeList_GUID="00000000-0000-0000-0000-000000000000" IsValid="false" IsCopied="false" />
        <UnitMapping UnitName="08" UnitDescription="08" XCCode_GUID="00000000-0000-0000-0000-000000000000" XCCodeList_GUID="00000000-0000-0000-0000-000000000000" IsValid="false" IsCopied="false" />
        <UnitMapping UnitName="09" UnitDescription="09" XCCode_GUID="00000000-0000-0000-0000-000000000000" XCCodeList_GUID="00000000-0000-0000-0000-000000000000" IsValid="false" IsCopied="false" />
        <UnitMapping UnitName="70" UnitDescription="10" XCCode_GUID="00000000-0000-0000-0000-000000000000" XCCodeList_GUID="00000000-0000-0000-0000-000000000000" IsValid="false" IsCopied="false" />
        <UnitMapping UnitName="71" UnitDescription="11" XCCode_GUID="00000000-0000-0000-0000-000000000000" XCCodeList_GUID="00000000-0000-0000-0000-000000000000" IsValid="false" IsCopied="false" />
      </UnitMappings>
    </DictionaryMapping>
  </Mapping>
</Export>