<?xml version="1.0" encoding="utf-8"?>
<Export xmlns:xsd="http://www.w3.org/2001/XMLSchema" xmlns:xsi="http://www.w3.org/2001/XMLSchema-instance" xmlns="http://www.perceptive.com/2010/10/DataLabsXC/Integration/AdvancedExport">
  <Mapping>
    <DataShapes>
      <DataShape Name="Study2_DICT" Type="Labs">
        <SubDataShape Name="D1" Category="Lab Mapping" IsMultipleInstance="true" DomainName="D1">
          <DataReference Name="LAB_ID" Label="Lab ID" Value="Data.*.*.*.D_New.Value" SortOrder="2" MappingType="D" />
          <DataReference Name="CRF_Collection_Date" Label="CRF Collection Date" Value="Data.*.*.*.D_CRFCollectionDate.Value" SortOrder="8" MappingType="D" />
          <DataReference Name="CRF_Lab_Test_Name" Label="CRF Lab Test Name" Value="Data.*.*.*.D_CRFLabTestName.Value" SortOrder="9" MappingType="D" />
          <DataReference Name="CRF_Lab_Value" Label="CRF Lab Value" Value="Data.*.*.*.D_CRFLabValue.Value" SortOrder="11" MappingType="D" />
          <DataReference Name="CRF_Lab_(Original)_Unit" Label="CRF Lab (Original) Unit" Value="Data.*.*.*.D_CRFLabOriginalUnit.Value" SortOrder="12" MappingType="D" />
          <DataReference Name="Sub_category" Label="Subcategory" Value="Data.*.*.*.D_SubCategory.Value" SortOrder="19" MappingType="D" />
        </SubDataShape>
        <SubDataShape Name="D2" Category="Lab Mapping" IsMultipleInstance="true" DomainName="D2">
          <DataReference Name="LAB_ID" Label="Lab ID" Value="Data.*.*.*.D2_LabId.Value" SortOrder="2" MappingType="D" />
          <DataReference Name="CRF_Collection_Date" Label="CRF Collection Date" Value="Data.*.*.*.D2_CRFCollectionDate.Value" SortOrder="8" MappingType="D" />
          <DataReference Name="CRF_Lab_Test_Name" Label="CRF Lab Test Name" Value="Data.*.*.*.D2_CRFLabTestName.Value" SortOrder="9" MappingType="D" />
          <DataReference Name="CRF_Lab_Value" Label="CRF Lab Value" Value="Data.*.*.*.D2_CRFLabValue.Value" SortOrder="11" MappingType="D" />
          <DataReference Name="CRF_Lab_(Original)_Unit" Label="CRF Lab (Original) Unit" Value="Data.*.*.*.D2_CRFLabOriginalUnit.Value" SortOrder="12" MappingType="D" />
          <DataReference Name="Category" Label="Category" Value="Data.*.*.*.D2_Category.Value" SortOrder="18" MappingType="D" />
          <DataReference Name="Sub_category" Label="Subcategory" Value="Data.*.*.*.D2_SubCategory.Value" SortOrder="19" MappingType="D" />
        </SubDataShape>
        <SubDataShape Name="Attribute Mapping" Category="Attribute Mapping" IsMultipleInstance="false">
          <DataReference Name="GENDER" Label="Gender" Value="Data.Event1.Demograph.d_gender.d_gender.Value" SortOrder="1" MappingType="M">
            <CodeListMappings SourceCodeListName="CL_Gender" StandardCodeListName="GENDER_LAB">
              <CodeListMapping SourceItemName="Male" StandardItemName="Male" />
              <CodeListMapping SourceItemName="Female" StandardItemName="Female" />
              <CodeListMapping SourceItemName="[Blank]" StandardItemName="Not Specified" />
            </CodeListMappings>
          </DataReference>
          <DataReference Name="DATE_OF_BIRTH_SELECTION" Label="Date of Birth / Age" Value="Date of Birth (Whole Date)" SortOrder="2" MappingType="D" />
          <DataReference Name="DATE_OF_BIRTH_WHOLEDATE" Label="Date of Birth (Whole Date)" Value="Data.Event1.Demograph.d_wholeDate.d_wholeDate.Value" SortOrder="3" MappingType="M" />
        </SubDataShape>
      </DataShape>
    </DataShapes>
    <LabCategory>
      <Category Name="Lab Mapping" Desc="Lab Mapping" IsMultipleInstance="true">
        <Attribute Name="Laboratory" Label="Laboratory" AgeCalculationType="None" />
        <Attribute Name="LAB_ID" Label="Lab ID" AgeCalculationType="None" />
        <Attribute Name="Lab_Name" Label="Lab Name" AgeCalculationType="None" />
        <Attribute Name="Company" Label="Company" AgeCalculationType="None" />
        <Attribute Name="Lab_Address" Label="Lab Address" AgeCalculationType="None" />
        <Attribute Name="Country" Label="Country" AgeCalculationType="None" />
        <Attribute Name="Subject_Lab_Value" Label="Subject Lab Value" AgeCalculationType="None" />
        <Attribute Name="CRF_Collection_Date" Label="CRF Collection Date" AgeCalculationType="None" />
        <Attribute Name="CRF_Lab_Test_Name" Label="CRF Lab Test Name" AgeCalculationType="None" />
        <Attribute Name="Lab_Test_Description " Label="Lab Test Description " AgeCalculationType="None" />
        <Attribute Name="CRF_Lab_Value" Label="CRF Lab Value" AgeCalculationType="None" />
        <Attribute Name="CRF_Lab_(Original)_Unit" Label="CRF Lab (Original) Unit" AgeCalculationType="None" />
        <Attribute Name="Dictionary_Lab_Test_Properties" Label="Dictionary Lab Test Properties" AgeCalculationType="None" />
        <Attribute Name="Lab_Test_Name" Label="Lab Test Name" AgeCalculationType="None" />
        <Attribute Name="Lab_Test_Code" Label="Lab Test Code" AgeCalculationType="None" />
        <Attribute Name="SAS_Label" Label="SAS Label" AgeCalculationType="None" />
        <Attribute Name="LOINC_Code" Label="LOINC Code" AgeCalculationType="None" />
        <Attribute Name="Category" Label="Category" AgeCalculationType="None" />
        <Attribute Name="Sub_category" Label="Subcategory" AgeCalculationType="None" />
        <Attribute Name="Specimen" Label="Specimen" AgeCalculationType="None" />
        <Attribute Name="Method" Label="Method" AgeCalculationType="None" />
        <Attribute Name="Result_Type" Label="Result Type" AgeCalculationType="None" />
        <Attribute Name="Reference_Range" Label="Reference Range" AgeCalculationType="None" />
        <Attribute Name="Normal_Reference_Range_Low" Label="Normal Reference Range Low" AgeCalculationType="None" />
        <Attribute Name="Normal_Reference_Range_High" Label="Normal Reference Range High" AgeCalculationType="None" />
        <Attribute Name="Critical_Reference_Range_Low" Label="Critical Reference Range Low" AgeCalculationType="None" />
        <Attribute Name="Critical_Reference_Range_High" Label="Critical Reference Range High" AgeCalculationType="None" />
        <Attribute Name="Reference_Range_Not_Applicable" Label="Reference Range Not Applicable" AgeCalculationType="None" />
        <Attribute Name="Reference_Range_ID" Label="Reference Range ID" AgeCalculationType="None" />
        <Attribute Name="Out_of_Normal_Range_Indicator" Label="Out of Normal Range Indicator" AgeCalculationType="None" />
        <Attribute Name="Normalization" Label="Normalization" AgeCalculationType="None" />
        <Attribute Name="Normalized_Patient_Lab_Value" Label="Normalized Patient Lab Value" AgeCalculationType="None" />
        <Attribute Name="Normalized_Lab_Unit" Label="Normalized Lab Unit" AgeCalculationType="None" />
        <Attribute Name="Normalized_Normal_Reference_Range_Low" Label="Normalized Normal Reference Range Low" AgeCalculationType="None" />
        <Attribute Name="Normalized_Normal_Reference_Range_High" Label="Normalized Normal Reference Range High" AgeCalculationType="None" />
        <Attribute Name="Normalized_Critical_Reference_Range_Low" Label="Normalized Critical Reference Range Low" AgeCalculationType="None" />
        <Attribute Name="Normalized_Critical_Reference_Range_High" Label="Normalized Critical Reference Range High" AgeCalculationType="None" />
        <Attribute Name="Precision" Label="Precision" AgeCalculationType="None" />
        <Attribute Name="Conversion_Factor" Label="Conversion Factor" AgeCalculationType="None" />
      </Category>
      <Category Name="Attribute Mapping" Desc="Attribute Mapping" IsMultipleInstance="false">
        <Attribute Name="GENDER" Label="Gender" AgeCalculationType="None" />
        <Attribute Name="DATE_OF_BIRTH_SELECTION" Label="Date of Birth / Age" AgeCalculationType="None" />
        <Attribute Name="DATE_OF_BIRTH_WHOLEDATE" Label="Date of Birth (Whole Date)" AgeCalculationType="Date of Birth (Whole Date)" />
        <Attribute Name="DATE_OF_BIRTH_DAY" Label="Date of Birth (Day)" AgeCalculationType="Date of Birth (Day, Month, Year)" />
        <Attribute Name="DATE_OF_BIRTH_MONTH" Label="Date of Birth (Month)" AgeCalculationType="Date of Birth (Day, Month, Year)" />
        <Attribute Name="DATE_OF_BIRTH_YEAR" Label="Date of Birth (Year)" AgeCalculationType="Date of Birth (Day, Month, Year)" />
        <Attribute Name="AGE" Label="Age" AgeCalculationType="Age" />
        <Attribute Name="AGE_UNIT" Label="Age Unit" AgeCalculationType="Age" />
        <Attribute Name="RACE" Label="Race" AgeCalculationType="None" />
      </Category>
    </LabCategory>
    <DictionaryMapping>
      <LabDictionary LabDictionaryName="08102018_1" LabDictionaryLabel="08102018_1_mrr" FileName="DataLabsEDC_LabDictionary_GS1.xlsx" />
      <TestMappings>
        <TestMapping TestName="Hemoglobin" XCCode_GUID="00000000-0000-0000-0000-000000000000" XCCodeList_GUID="00000000-0000-0000-0000-000000000000" Category="RBC" SubCategory="Serum" DisplayinReferenceRange="true" IsCopied="false" />
        <TestMapping TestName="BiteCells" XCCode_GUID="0000015a-0000-0000-0000-000000000000" XCCodeList_GUID="000000a0-0000-0000-0000-000000000000" Category="RBC" SubCategory="Serum" DisplayinReferenceRange="true" IsCopied="false" />
        <TestMapping TestName="Test1" XCCode_GUID="0000015b-0000-0000-0000-000000000000" XCCodeList_GUID="000000a0-0000-0000-0000-000000000000" Category="" SubCategory="" DisplayinReferenceRange="true" IsCopied="false" />
        <TestMapping TestName="Test2" XCCode_GUID="0000015c-0000-0000-0000-000000000000" XCCodeList_GUID="000000a0-0000-0000-0000-000000000000" Category="" SubCategory="" DisplayinReferenceRange="false" IsCopied="false" />
        <TestMapping TestName="Test3" XCCode_GUID="0000015d-0000-0000-0000-000000000000" XCCodeList_GUID="000000a0-0000-0000-0000-000000000000" Category="" SubCategory="" DisplayinReferenceRange="false" IsCopied="false" />
        <TestMapping TestName="Test11" XCCode_GUID="00000162-0000-0000-0000-000000000000" XCCodeList_GUID="000000a0-0000-0000-0000-000000000000" Category="" SubCategory="" DisplayinReferenceRange="true" IsCopied="false" />
        <TestMapping TestName="Test21" XCCode_GUID="00000000-0000-0000-0000-000000000000" XCCodeList_GUID="00000000-0000-0000-0000-000000000000" Category="" SubCategory="" DisplayinReferenceRange="false" IsCopied="false" />
        <TestMapping TestName="Test31" XCCode_GUID="00000000-0000-0000-0000-000000000000" XCCodeList_GUID="00000000-0000-0000-0000-000000000000" Category="" SubCategory="" DisplayinReferenceRange="false" IsCopied="false" />
        <TestMapping TestName="Test12" XCCode_GUID="00000000-0000-0000-0000-000000000000" XCCodeList_GUID="00000000-0000-0000-0000-000000000000" Category="" SubCategory="" DisplayinReferenceRange="true" IsCopied="false" />
        <TestMapping TestName="Test22" XCCode_GUID="00000000-0000-0000-0000-000000000000" XCCodeList_GUID="00000000-0000-0000-0000-000000000000" Category="" SubCategory="" DisplayinReferenceRange="false" IsCopied="false" />
        <TestMapping TestName="Test32" XCCode_GUID="00000000-0000-0000-0000-000000000000" XCCodeList_GUID="00000000-0000-0000-0000-000000000000" Category="" SubCategory="" DisplayinReferenceRange="false" IsCopied="false" />
        <TestMapping TestName="Test13" XCCode_GUID="00000000-0000-0000-0000-000000000000" XCCodeList_GUID="00000000-0000-0000-0000-000000000000" Category="" SubCategory="" DisplayinReferenceRange="false" IsCopied="false" />
        <TestMapping TestName="Test23" XCCode_GUID="00000000-0000-0000-0000-000000000000" XCCodeList_GUID="00000000-0000-0000-0000-000000000000" Category="" SubCategory="" DisplayinReferenceRange="false" IsCopied="false" />
        <TestMapping TestName="Test33" XCCode_GUID="00000000-0000-0000-0000-000000000000" XCCodeList_GUID="00000000-0000-0000-0000-000000000000" Category="" SubCategory="" DisplayinReferenceRange="false" IsCopied="false" />
        <TestMapping TestName="MRRTEST1" XCCode_GUID="00000161-0000-0000-0000-000000000000" XCCodeList_GUID="000000a0-0000-0000-0000-000000000000" Category="Hemo" SubCategory="RBC" DisplayinReferenceRange="true" IsCopied="false" />
        <TestMapping TestName="MRRTEST2" XCCode_GUID="00000000-0000-0000-0000-000000000000" XCCodeList_GUID="00000000-0000-0000-0000-000000000000" Category="Hemo" SubCategory="RBC" DisplayinReferenceRange="false" IsCopied="false" />
      </TestMappings>
      <UnitMappings>
        <UnitMapping UnitName="[Blank]" XCCode_GUID="0000015e-0000-0000-0000-000000000000" XCCodeList_GUID="000000a1-0000-0000-0000-000000000000" IsCopied="false" />
        <UnitMapping UnitName="01" XCCode_GUID="00000000-0000-0000-0000-000000000000" XCCodeList_GUID="00000000-0000-0000-0000-000000000000" IsCopied="false" />
        <UnitMapping UnitName="02" XCCode_GUID="00000000-0000-0000-0000-000000000000" XCCodeList_GUID="00000000-0000-0000-0000-000000000000" IsCopied="false" />
        <UnitMapping UnitName="03" XCCode_GUID="00000000-0000-0000-0000-000000000000" XCCodeList_GUID="00000000-0000-0000-0000-000000000000" IsCopied="false" />
        <UnitMapping UnitName="04" XCCode_GUID="00000000-0000-0000-0000-000000000000" XCCodeList_GUID="00000000-0000-0000-0000-000000000000" IsCopied="false" />
        <UnitMapping UnitName="05" XCCode_GUID="00000000-0000-0000-0000-000000000000" XCCodeList_GUID="00000000-0000-0000-0000-000000000000" IsCopied="false" />
        <UnitMapping UnitName="06" XCCode_GUID="00000000-0000-0000-0000-000000000000" XCCodeList_GUID="00000000-0000-0000-0000-000000000000" IsCopied="false" />
        <UnitMapping UnitName="07" XCCode_GUID="00000000-0000-0000-0000-000000000000" XCCodeList_GUID="00000000-0000-0000-0000-000000000000" IsCopied="false" />
        <UnitMapping UnitName="08" XCCode_GUID="00000000-0000-0000-0000-000000000000" XCCodeList_GUID="00000000-0000-0000-0000-000000000000" IsCopied="false" />
        <UnitMapping UnitName="09" XCCode_GUID="00000000-0000-0000-0000-000000000000" XCCodeList_GUID="00000000-0000-0000-0000-000000000000" IsCopied="false" />
        <UnitMapping UnitName="10" XCCode_GUID="00000000-0000-0000-0000-000000000000" XCCodeList_GUID="00000000-0000-0000-0000-000000000000" IsCopied="false" />
        <UnitMapping UnitName="11" XCCode_GUID="00000000-0000-0000-0000-000000000000" XCCodeList_GUID="00000000-0000-0000-0000-000000000000" IsCopied="false" />
        <UnitMapping UnitName="12" XCCode_GUID="00000000-0000-0000-0000-000000000000" XCCodeList_GUID="00000000-0000-0000-0000-000000000000" IsCopied="false" />
        <UnitMapping UnitName="13" XCCode_GUID="00000000-0000-0000-0000-000000000000" XCCodeList_GUID="00000000-0000-0000-0000-000000000000" IsCopied="false" />
        <UnitMapping UnitName="14" XCCode_GUID="00000000-0000-0000-0000-000000000000" XCCodeList_GUID="00000000-0000-0000-0000-000000000000" IsCopied="false" />
        <UnitMapping UnitName="15" XCCode_GUID="00000000-0000-0000-0000-000000000000" XCCodeList_GUID="00000000-0000-0000-0000-000000000000" IsCopied="false" />
        <UnitMapping UnitName="16" XCCode_GUID="00000000-0000-0000-0000-000000000000" XCCodeList_GUID="00000000-0000-0000-0000-000000000000" IsCopied="false" />
        <UnitMapping UnitName="17" XCCode_GUID="00000000-0000-0000-0000-000000000000" XCCodeList_GUID="00000000-0000-0000-0000-000000000000" IsCopied="false" />
        <UnitMapping UnitName="18" XCCode_GUID="00000000-0000-0000-0000-000000000000" XCCodeList_GUID="00000000-0000-0000-0000-000000000000" IsCopied="false" />
        <UnitMapping UnitName="19" XCCode_GUID="00000000-0000-0000-0000-000000000000" XCCodeList_GUID="00000000-0000-0000-0000-000000000000" IsCopied="false" />
        <UnitMapping UnitName="20" XCCode_GUID="00000000-0000-0000-0000-000000000000" XCCodeList_GUID="00000000-0000-0000-0000-000000000000" IsCopied="false" />
        <UnitMapping UnitName="21" XCCode_GUID="00000000-0000-0000-0000-000000000000" XCCodeList_GUID="00000000-0000-0000-0000-000000000000" IsCopied="false" />
        <UnitMapping UnitName="22" XCCode_GUID="00000000-0000-0000-0000-000000000000" XCCodeList_GUID="00000000-0000-0000-0000-000000000000" IsCopied="false" />
        <UnitMapping UnitName="23" XCCode_GUID="00000000-0000-0000-0000-000000000000" XCCodeList_GUID="00000000-0000-0000-0000-000000000000" IsCopied="false" />
        <UnitMapping UnitName="24" XCCode_GUID="00000000-0000-0000-0000-000000000000" XCCodeList_GUID="00000000-0000-0000-0000-000000000000" IsCopied="false" />
        <UnitMapping UnitName="25" XCCode_GUID="00000000-0000-0000-0000-000000000000" XCCodeList_GUID="00000000-0000-0000-0000-000000000000" IsCopied="false" />
        <UnitMapping UnitName="26" XCCode_GUID="00000000-0000-0000-0000-000000000000" XCCodeList_GUID="00000000-0000-0000-0000-000000000000" IsCopied="false" />
        <UnitMapping UnitName="27" XCCode_GUID="00000000-0000-0000-0000-000000000000" XCCodeList_GUID="00000000-0000-0000-0000-000000000000" IsCopied="false" />
        <UnitMapping UnitName="28" XCCode_GUID="00000000-0000-0000-0000-000000000000" XCCodeList_GUID="00000000-0000-0000-0000-000000000000" IsCopied="false" />
        <UnitMapping UnitName="29" XCCode_GUID="00000000-0000-0000-0000-000000000000" XCCodeList_GUID="00000000-0000-0000-0000-000000000000" IsCopied="false" />
        <UnitMapping UnitName="30" XCCode_GUID="00000000-0000-0000-0000-000000000000" XCCodeList_GUID="00000000-0000-0000-0000-000000000000" IsCopied="false" />
        <UnitMapping UnitName="31" XCCode_GUID="00000000-0000-0000-0000-000000000000" XCCodeList_GUID="00000000-0000-0000-0000-000000000000" IsCopied="false" />
        <UnitMapping UnitName="32" XCCode_GUID="00000000-0000-0000-0000-000000000000" XCCodeList_GUID="00000000-0000-0000-0000-000000000000" IsCopied="false" />
        <UnitMapping UnitName="33" XCCode_GUID="00000000-0000-0000-0000-000000000000" XCCodeList_GUID="00000000-0000-0000-0000-000000000000" IsCopied="false" />
        <UnitMapping UnitName="34" XCCode_GUID="00000000-0000-0000-0000-000000000000" XCCodeList_GUID="00000000-0000-0000-0000-000000000000" IsCopied="false" />
        <UnitMapping UnitName="35" XCCode_GUID="00000000-0000-0000-0000-000000000000" XCCodeList_GUID="00000000-0000-0000-0000-000000000000" IsCopied="false" />
        <UnitMapping UnitName="36" XCCode_GUID="00000000-0000-0000-0000-000000000000" XCCodeList_GUID="00000000-0000-0000-0000-000000000000" IsCopied="false" />
        <UnitMapping UnitName="37" XCCode_GUID="00000000-0000-0000-0000-000000000000" XCCodeList_GUID="00000000-0000-0000-0000-000000000000" IsCopied="false" />
        <UnitMapping UnitName="38" XCCode_GUID="00000000-0000-0000-0000-000000000000" XCCodeList_GUID="00000000-0000-0000-0000-000000000000" IsCopied="false" />
        <UnitMapping UnitName="39" XCCode_GUID="00000000-0000-0000-0000-000000000000" XCCodeList_GUID="00000000-0000-0000-0000-000000000000" IsCopied="false" />
        <UnitMapping UnitName="40" XCCode_GUID="00000000-0000-0000-0000-000000000000" XCCodeList_GUID="00000000-0000-0000-0000-000000000000" IsCopied="false" />
        <UnitMapping UnitName="41" XCCode_GUID="00000000-0000-0000-0000-000000000000" XCCodeList_GUID="00000000-0000-0000-0000-000000000000" IsCopied="false" />
        <UnitMapping UnitName="42" XCCode_GUID="00000000-0000-0000-0000-000000000000" XCCodeList_GUID="00000000-0000-0000-0000-000000000000" IsCopied="false" />
        <UnitMapping UnitName="43" XCCode_GUID="00000000-0000-0000-0000-000000000000" XCCodeList_GUID="00000000-0000-0000-0000-000000000000" IsCopied="false" />
        <UnitMapping UnitName="44" XCCode_GUID="00000000-0000-0000-0000-000000000000" XCCodeList_GUID="00000000-0000-0000-0000-000000000000" IsCopied="false" />
        <UnitMapping UnitName="45" XCCode_GUID="00000000-0000-0000-0000-000000000000" XCCodeList_GUID="00000000-0000-0000-0000-000000000000" IsCopied="false" />
        <UnitMapping UnitName="46" XCCode_GUID="00000000-0000-0000-0000-000000000000" XCCodeList_GUID="00000000-0000-0000-0000-000000000000" IsCopied="false" />
        <UnitMapping UnitName="47" XCCode_GUID="00000000-0000-0000-0000-000000000000" XCCodeList_GUID="00000000-0000-0000-0000-000000000000" IsCopied="false" />
        <UnitMapping UnitName="48" XCCode_GUID="00000000-0000-0000-0000-000000000000" XCCodeList_GUID="00000000-0000-0000-0000-000000000000" IsCopied="false" />
        <UnitMapping UnitName="49" XCCode_GUID="00000000-0000-0000-0000-000000000000" XCCodeList_GUID="00000000-0000-0000-0000-000000000000" IsCopied="false" />
        <UnitMapping UnitName="60" XCCode_GUID="00000000-0000-0000-0000-000000000000" XCCodeList_GUID="00000000-0000-0000-0000-000000000000" IsCopied="false" />
        <UnitMapping UnitName="61" XCCode_GUID="00000000-0000-0000-0000-000000000000" XCCodeList_GUID="00000000-0000-0000-0000-000000000000" IsCopied="false" />
        <UnitMapping UnitName="62" XCCode_GUID="00000000-0000-0000-0000-000000000000" XCCodeList_GUID="00000000-0000-0000-0000-000000000000" IsCopied="false" />
        <UnitMapping UnitName="63" XCCode_GUID="00000000-0000-0000-0000-000000000000" XCCodeList_GUID="00000000-0000-0000-0000-000000000000" IsCopied="false" />
        <UnitMapping UnitName="64" XCCode_GUID="00000000-0000-0000-0000-000000000000" XCCodeList_GUID="00000000-0000-0000-0000-000000000000" IsCopied="false" />
        <UnitMapping UnitName="65" XCCode_GUID="00000000-0000-0000-0000-000000000000" XCCodeList_GUID="00000000-0000-0000-0000-000000000000" IsCopied="false" />
        <UnitMapping UnitName="66" XCCode_GUID="00000000-0000-0000-0000-000000000000" XCCodeList_GUID="00000000-0000-0000-0000-000000000000" IsCopied="false" />
        <UnitMapping UnitName="67" XCCode_GUID="00000000-0000-0000-0000-000000000000" XCCodeList_GUID="00000000-0000-0000-0000-000000000000" IsCopied="false" />
        <UnitMapping UnitName="68" XCCode_GUID="00000000-0000-0000-0000-000000000000" XCCodeList_GUID="00000000-0000-0000-0000-000000000000" IsCopied="false" />
        <UnitMapping UnitName="69" XCCode_GUID="00000000-0000-0000-0000-000000000000" XCCodeList_GUID="00000000-0000-0000-0000-000000000000" IsCopied="false" />
        <UnitMapping UnitName="671" XCCode_GUID="00000000-0000-0000-0000-000000000000" XCCodeList_GUID="00000000-0000-0000-0000-000000000000" IsCopied="false" />
        <UnitMapping UnitName="681" XCCode_GUID="00000000-0000-0000-0000-000000000000" XCCodeList_GUID="00000000-0000-0000-0000-000000000000" IsCopied="false" />
        <UnitMapping UnitName="691" XCCode_GUID="00000000-0000-0000-0000-000000000000" XCCodeList_GUID="00000000-0000-0000-0000-000000000000" IsCopied="false" />
        <UnitMapping UnitName="Unit1" XCCode_GUID="0000015f-0000-0000-0000-000000000000" XCCodeList_GUID="000000a1-0000-0000-0000-000000000000" IsCopied="false" />
        <UnitMapping UnitName="Unit2" XCCode_GUID="00000160-0000-0000-0000-000000000000" XCCodeList_GUID="000000a1-0000-0000-0000-000000000000" IsCopied="false" />
        <UnitMapping UnitName="Unit3" XCCode_GUID="00000000-0000-0000-0000-000000000000" XCCodeList_GUID="00000000-0000-0000-0000-000000000000" IsCopied="false" />
        <UnitMapping UnitName="unit4" XCCode_GUID="00000000-0000-0000-0000-000000000000" XCCodeList_GUID="00000000-0000-0000-0000-000000000000" IsCopied="false" />
      </UnitMappings>
    </DictionaryMapping>
  </Mapping>
</Export>