<?xml version="1.0" encoding="utf-8"?>
<Export xmlns:xsd="http://www.w3.org/2001/XMLSchema" xmlns:xsi="http://www.w3.org/2001/XMLSchema-instance" xmlns="http://www.perceptive.com/2010/10/DataLabsXC/Integration/AdvancedExport">
  <Mapping>
    <DataShapes>
      <DataShape Name="Questions_1D_Few" Type="Labs">
        <SubDataShape Name="D1" Category="Lab Mapping" IsMultipleInstance="true" DomainName="D1">
          <DataReference Name="LAB_ID" Label="Lab ID" Value="Data.*.*.*.LabIDForD1.Value" SortOrder="2" MappingType="D" />
          <DataReference Name="Lab_Name" Label="Lab Name" Value="Data.*.*.*.LabNameForD1.Value" SortOrder="3" MappingType="D" />
          <DataReference Name="CRF_Collection_Date" Label="CRF Collection Date" Value="Data.*.*.*.CollectionDateForD1.Value" SortOrder="8" MappingType="D" />
          <DataReference Name="CRF_Lab_Test_Name" Label="CRF Lab Test Name" Value="Data.*.*.*.CRFLabTESTNAmeForD1.Value" SortOrder="9" MappingType="D" />
          <DataReference Name="Lab_Test_Description " Label="Lab Test Description " Value="Data.*.*.*.CRFLabTestDecForD1.Value" SortOrder="10" MappingType="D" />
          <DataReference Name="CRF_Lab_Value" Label="CRF Lab Value" Value="Data.*.*.*.CRFLabValueForD1.Value" SortOrder="11" MappingType="D" />
          <DataReference Name="CRF_Lab_(Original)_Unit" Label="CRF Lab (Original) Unit" Value="Data.*.*.*.CRFLabUnitForD1.Value" SortOrder="12" MappingType="D" />
          <DataReference Name="Lab_Test_Name" Label="Lab Test Name" Value="Data.*.*.*.LabTestNameForD1.Value" SortOrder="14" MappingType="D" />
          <DataReference Name="Normal_Reference_Range_Low" Label="Normal Reference Range Low" Value="Data.*.*.*.NorRRLowForD1.Value" SortOrder="24" MappingType="D" />
          <DataReference Name="Normalized_Patient_Lab_Value" Label="Normalized Patient Lab Value" Value="Data.*.*.*.NorPatientLabValuForD1.Value" SortOrder="32" MappingType="D" />
        </SubDataShape>
        <SubDataShape Name="Attribute Mapping" Category="Attribute Mapping" IsMultipleInstance="false">
          <DataReference Name="GENDER" Label="Gender" Value="Data.Event1.FrmDemographics.DI_Gender.DI_Gender.Value" SortOrder="1" MappingType="M">
            <CodeListMappings SourceCodeListName="CL_Gender" StandardCodeListName="GENDER_LAB">
              <CodeListMapping SourceItemName="Male" StandardItemName="Male" />
              <CodeListMapping SourceItemName="Female" StandardItemName="Female" />
              <CodeListMapping SourceItemName="Not Specified" StandardItemName="Not Specified" />
            </CodeListMappings>
          </DataReference>
          <DataReference Name="DATE_OF_BIRTH_SELECTION" Label="Date of Birth / Age" Value="Age" SortOrder="2" MappingType="D" />
          <DataReference Name="AGE" Label="Age" Value="Data.Event1.FrmDemographics.DI_Age.DI_Age.Value" SortOrder="7" MappingType="M" />
          <DataReference Name="AGE_UNIT" Label="Age Unit" Value="Data.Event1.FrmDemographics.DI_AgeUnit.DI_AgeUnit.Value" SortOrder="8" MappingType="M">
            <CodeListMappings SourceCodeListName="CL_AgeUnit" StandardCodeListName="AGE_UNIT_LAB">
              <CodeListMapping SourceItemName="Month" StandardItemName="Months" />
              <CodeListMapping SourceItemName="Day" StandardItemName="Days" />
              <CodeListMapping SourceItemName="Year" StandardItemName="Years" />
            </CodeListMappings>
          </DataReference>
        </SubDataShape>
      </DataShape>
    </DataShapes>
    <LabCategory>
      <Category Name="Lab Mapping" Desc="Lab Mapping" IsMultipleInstance="true">
        <Attribute Name="Laboratory" Label="Laboratory" AgeCalculationType="None" />
        <Attribute Name="LAB_ID" Label="Lab ID" AgeCalculationType="None" />
        <Attribute Name="Lab_Name" Label="Lab Name" AgeCalculationType="None" />
        <Attribute Name="Company" Label="Company" AgeCalculationType="None" />
        <Attribute Name="Lab_Address" Label="Lab Address" AgeCalculationType="None" />
        <Attribute Name="Country" Label="Country" AgeCalculationType="None" />
        <Attribute Name="Subject_Lab_Value" Label="Subject Lab Value" AgeCalculationType="None" />
        <Attribute Name="CRF_Collection_Date" Label="CRF Collection Date" AgeCalculationType="None" />
        <Attribute Name="CRF_Lab_Test_Name" Label="CRF Lab Test Name" AgeCalculationType="None" />
        <Attribute Name="Lab_Test_Description " Label="Lab Test Description " AgeCalculationType="None" />
        <Attribute Name="CRF_Lab_Value" Label="CRF Lab Value" AgeCalculationType="None" />
        <Attribute Name="CRF_Lab_(Original)_Unit" Label="CRF Lab (Original) Unit" AgeCalculationType="None" />
        <Attribute Name="Dictionary_Lab_Test_Properties" Label="Dictionary Lab Test Properties" AgeCalculationType="None" />
        <Attribute Name="Lab_Test_Name" Label="Lab Test Name" AgeCalculationType="None" />
        <Attribute Name="Lab_Test_Code" Label="Lab Test Code" AgeCalculationType="None" />
        <Attribute Name="SAS_Label" Label="SAS Label" AgeCalculationType="None" />
        <Attribute Name="LOINC_Code" Label="LOINC Code" AgeCalculationType="None" />
        <Attribute Name="Category" Label="Category" AgeCalculationType="None" />
        <Attribute Name="Sub_category" Label="Subcategory" AgeCalculationType="None" />
        <Attribute Name="Specimen" Label="Specimen" AgeCalculationType="None" />
        <Attribute Name="Method" Label="Method" AgeCalculationType="None" />
        <Attribute Name="Result_Type" Label="Result Type" AgeCalculationType="None" />
        <Attribute Name="Reference_Range" Label="Reference Range" AgeCalculationType="None" />
        <Attribute Name="Normal_Reference_Range_Low" Label="Normal Reference Range Low" AgeCalculationType="None" />
        <Attribute Name="Normal_Reference_Range_High" Label="Normal Reference Range High" AgeCalculationType="None" />
        <Attribute Name="Critical_Reference_Range_Low" Label="Critical Reference Range Low" AgeCalculationType="None" />
        <Attribute Name="Critical_Reference_Range_High" Label="Critical Reference Range High" AgeCalculationType="None" />
        <Attribute Name="Reference_Range_Not_Applicable" Label="Reference Range Not Applicable" AgeCalculationType="None" />
        <Attribute Name="Reference_Range_ID" Label="Reference Range ID" AgeCalculationType="None" />
        <Attribute Name="Out_of_Normal_Range_Indicator" Label="Out of Normal Range Indicator" AgeCalculationType="None" />
        <Attribute Name="Normalization" Label="Normalization" AgeCalculationType="None" />
        <Attribute Name="Normalized_Patient_Lab_Value" Label="Normalized Patient Lab Value" AgeCalculationType="None" />
        <Attribute Name="Normalized_Lab_Unit" Label="Normalized Lab Unit" AgeCalculationType="None" />
        <Attribute Name="Normalized_Normal_Reference_Range_Low" Label="Normalized Normal Reference Range Low" AgeCalculationType="None" />
        <Attribute Name="Normalized_Normal_Reference_Range_High" Label="Normalized Normal Reference Range High" AgeCalculationType="None" />
        <Attribute Name="Normalized_Critical_Reference_Range_Low" Label="Normalized Critical Reference Range Low" AgeCalculationType="None" />
        <Attribute Name="Normalized_Critical_Reference_Range_High" Label="Normalized Critical Reference Range High" AgeCalculationType="None" />
        <Attribute Name="Precision" Label="Precision" AgeCalculationType="None" />
        <Attribute Name="Conversion_Factor" Label="Conversion Factor" AgeCalculationType="None" />
      </Category>
      <Category Name="Attribute Mapping" Desc="Attribute Mapping" IsMultipleInstance="false">
        <Attribute Name="GENDER" Label="Gender" AgeCalculationType="None" />
        <Attribute Name="DATE_OF_BIRTH_SELECTION" Label="Date of Birth / Age" AgeCalculationType="None" />
        <Attribute Name="DATE_OF_BIRTH_WHOLEDATE" Label="Date of Birth (Whole Date)" AgeCalculationType="Date of Birth (Whole Date)" />
        <Attribute Name="DATE_OF_BIRTH_DAY" Label="Date of Birth (Day)" AgeCalculationType="Date of Birth (Day, Month, Year)" />
        <Attribute Name="DATE_OF_BIRTH_MONTH" Label="Date of Birth (Month)" AgeCalculationType="Date of Birth (Day, Month, Year)" />
        <Attribute Name="DATE_OF_BIRTH_YEAR" Label="Date of Birth (Year)" AgeCalculationType="Date of Birth (Day, Month, Year)" />
        <Attribute Name="AGE" Label="Age" AgeCalculationType="Age" />
        <Attribute Name="AGE_UNIT" Label="Age Unit" AgeCalculationType="Age" />
        <Attribute Name="RACE" Label="Race" AgeCalculationType="None" />
      </Category>
    </LabCategory>
    <DictionaryMapping>
      <LabDictionary LabDictionaryName="validHemo1to18" LabDictionaryLabel="1to18" FileName="DataLabsEDC_LabDictionary_GS1.xlsx" />
      <TestMappings>
        <TestMapping TestName="HEMOGLOBIN1" XCCode_GUID="00000000-0000-0000-0000-000000000000" XCCodeList_GUID="00000000-0000-0000-0000-000000000000" Category="RBC1" SubCategory="Serum1" DisplayinReferenceRange="true" IsCopied="false" />
        <TestMapping TestName="HEMOGLOBIN2" XCCode_GUID="00000000-0000-0000-0000-000000000000" XCCodeList_GUID="00000000-0000-0000-0000-000000000000" Category="RBC2" SubCategory="Serum2" DisplayinReferenceRange="true" IsCopied="false" />
        <TestMapping TestName="HEMOGLOBIN3" XCCode_GUID="00000000-0000-0000-0000-000000000000" XCCodeList_GUID="00000000-0000-0000-0000-000000000000" Category="RBC3" SubCategory="Serum3" DisplayinReferenceRange="true" IsCopied="false" />
        <TestMapping TestName="HEMOGLOBIN4" XCCode_GUID="00000000-0000-0000-0000-000000000000" XCCodeList_GUID="00000000-0000-0000-0000-000000000000" Category="RBC4" SubCategory="Serum4" DisplayinReferenceRange="true" IsCopied="false" />
        <TestMapping TestName="HEMOGLOBIN5" XCCode_GUID="00000000-0000-0000-0000-000000000000" XCCodeList_GUID="00000000-0000-0000-0000-000000000000" Category="RBC5" SubCategory="Serum5" DisplayinReferenceRange="true" IsCopied="false" />
        <TestMapping TestName="HEMOGLOBIN6" XCCode_GUID="00000000-0000-0000-0000-000000000000" XCCodeList_GUID="00000000-0000-0000-0000-000000000000" Category="RBC6" SubCategory="Serum6" DisplayinReferenceRange="true" IsCopied="false" />
        <TestMapping TestName="HEMOGLOBIN7" XCCode_GUID="00000000-0000-0000-0000-000000000000" XCCodeList_GUID="00000000-0000-0000-0000-000000000000" Category="RBC7" SubCategory="Serum7" DisplayinReferenceRange="true" IsCopied="false" />
        <TestMapping TestName="HEMOGLOBIN8" XCCode_GUID="00000000-0000-0000-0000-000000000000" XCCodeList_GUID="00000000-0000-0000-0000-000000000000" Category="RBC8" SubCategory="Serum8" DisplayinReferenceRange="true" IsCopied="false" />
        <TestMapping TestName="HEMOGLOBIN9" XCCode_GUID="00000000-0000-0000-0000-000000000000" XCCodeList_GUID="00000000-0000-0000-0000-000000000000" Category="RBC9" SubCategory="Serum9" DisplayinReferenceRange="true" IsCopied="false" />
        <TestMapping TestName="HEMOGLOBIN10" XCCode_GUID="00000000-0000-0000-0000-000000000000" XCCodeList_GUID="00000000-0000-0000-0000-000000000000" Category="RBC10" SubCategory="Serum10" DisplayinReferenceRange="false" IsCopied="false" />
        <TestMapping TestName="HEMOGLOBIN11" XCCode_GUID="00000000-0000-0000-0000-000000000000" XCCodeList_GUID="00000000-0000-0000-0000-000000000000" Category="RBC11" SubCategory="Serum11" DisplayinReferenceRange="false" IsCopied="false" />
        <TestMapping TestName="HEMOGLOBIN12" XCCode_GUID="00000000-0000-0000-0000-000000000000" XCCodeList_GUID="00000000-0000-0000-0000-000000000000" Category="RBC12" SubCategory="Serum12" DisplayinReferenceRange="false" IsCopied="false" />
        <TestMapping TestName="HEMOGLOBIN13" XCCode_GUID="00000000-0000-0000-0000-000000000000" XCCodeList_GUID="00000000-0000-0000-0000-000000000000" Category="RBC13" SubCategory="Serum13" DisplayinReferenceRange="false" IsCopied="false" />
        <TestMapping TestName="HEMOGLOBIN14" XCCode_GUID="00000000-0000-0000-0000-000000000000" XCCodeList_GUID="00000000-0000-0000-0000-000000000000" Category="RBC14" SubCategory="Serum14" DisplayinReferenceRange="false" IsCopied="false" />
        <TestMapping TestName="HEMOGLOBIN15" XCCode_GUID="00000000-0000-0000-0000-000000000000" XCCodeList_GUID="00000000-0000-0000-0000-000000000000" Category="Hemo" SubCategory="RBC" DisplayinReferenceRange="false" IsCopied="false" />
        <TestMapping TestName="HEMOGLOBIN16" XCCode_GUID="00000000-0000-0000-0000-000000000000" XCCodeList_GUID="00000000-0000-0000-0000-000000000000" Category="Hemo" SubCategory="RBC" DisplayinReferenceRange="false" IsCopied="false" />
        <TestMapping TestName="HEMOGLOBIN24" XCCode_GUID="00000000-0000-0000-0000-000000000000" XCCodeList_GUID="00000000-0000-0000-0000-000000000000" Category="Hemo" SubCategory="RBC19" DisplayinReferenceRange="false" IsCopied="false" />
        <TestMapping TestName="HEMOGLOBIN25" XCCode_GUID="00000000-0000-0000-0000-000000000000" XCCodeList_GUID="00000000-0000-0000-0000-000000000000" Category="Hemo" SubCategory="RBC23" DisplayinReferenceRange="false" IsCopied="false" />
      </TestMappings>
      <UnitMappings>
        <UnitMapping UnitName="2Unit" XCCode_GUID="00000000-0000-0000-0000-000000000000" XCCodeList_GUID="00000000-0000-0000-0000-000000000000" IsCopied="false" />
        <UnitMapping UnitName="3Unit" XCCode_GUID="00000000-0000-0000-0000-000000000000" XCCodeList_GUID="00000000-0000-0000-0000-000000000000" IsCopied="false" />
        <UnitMapping UnitName="4unit" XCCode_GUID="00000000-0000-0000-0000-000000000000" XCCodeList_GUID="00000000-0000-0000-0000-000000000000" IsCopied="false" />
        <UnitMapping UnitName="5Unit" XCCode_GUID="00000000-0000-0000-0000-000000000000" XCCodeList_GUID="00000000-0000-0000-0000-000000000000" IsCopied="false" />
        <UnitMapping UnitName="6Unit" XCCode_GUID="00000000-0000-0000-0000-000000000000" XCCodeList_GUID="00000000-0000-0000-0000-000000000000" IsCopied="false" />
        <UnitMapping UnitName="7Unit" XCCode_GUID="00000000-0000-0000-0000-000000000000" XCCodeList_GUID="00000000-0000-0000-0000-000000000000" IsCopied="false" />
        <UnitMapping UnitName="8Unit" XCCode_GUID="00000000-0000-0000-0000-000000000000" XCCodeList_GUID="00000000-0000-0000-0000-000000000000" IsCopied="false" />
        <UnitMapping UnitName="9Unit" XCCode_GUID="00000000-0000-0000-0000-000000000000" XCCodeList_GUID="00000000-0000-0000-0000-000000000000" IsCopied="false" />
        <UnitMapping UnitName="10Unit" XCCode_GUID="00000000-0000-0000-0000-000000000000" XCCodeList_GUID="00000000-0000-0000-0000-000000000000" IsCopied="false" />
        <UnitMapping UnitName="11Unit" XCCode_GUID="00000000-0000-0000-0000-000000000000" XCCodeList_GUID="00000000-0000-0000-0000-000000000000" IsCopied="false" />
        <UnitMapping UnitName="12unit" XCCode_GUID="00000000-0000-0000-0000-000000000000" XCCodeList_GUID="00000000-0000-0000-0000-000000000000" IsCopied="false" />
        <UnitMapping UnitName="13Unit" XCCode_GUID="00000000-0000-0000-0000-000000000000" XCCodeList_GUID="00000000-0000-0000-0000-000000000000" IsCopied="false" />
        <UnitMapping UnitName="14Unit" XCCode_GUID="00000000-0000-0000-0000-000000000000" XCCodeList_GUID="00000000-0000-0000-0000-000000000000" IsCopied="false" />
        <UnitMapping UnitName="15Unit" XCCode_GUID="00000000-0000-0000-0000-000000000000" XCCodeList_GUID="00000000-0000-0000-0000-000000000000" IsCopied="false" />
        <UnitMapping UnitName="16Unit" XCCode_GUID="00000000-0000-0000-0000-000000000000" XCCodeList_GUID="00000000-0000-0000-0000-000000000000" IsCopied="false" />
        <UnitMapping UnitName="17Unit" XCCode_GUID="00000000-0000-0000-0000-000000000000" XCCodeList_GUID="00000000-0000-0000-0000-000000000000" IsCopied="false" />
        <UnitMapping UnitName="18Unit" XCCode_GUID="00000000-0000-0000-0000-000000000000" XCCodeList_GUID="00000000-0000-0000-0000-000000000000" IsCopied="false" />
        <UnitMapping UnitName="19Unit" XCCode_GUID="00000000-0000-0000-0000-000000000000" XCCodeList_GUID="00000000-0000-0000-0000-000000000000" IsCopied="false" />
        <UnitMapping UnitName="24Unit" XCCode_GUID="00000000-0000-0000-0000-000000000000" XCCodeList_GUID="00000000-0000-0000-0000-000000000000" IsCopied="false" />
        <UnitMapping UnitName="25Unit" XCCode_GUID="00000000-0000-0000-0000-000000000000" XCCodeList_GUID="00000000-0000-0000-0000-000000000000" IsCopied="false" />
      </UnitMappings>
    </DictionaryMapping>
  </Mapping>
</Export>