<?xml version="1.0" encoding="utf-8"?>
<Export xmlns:xsd="http://www.w3.org/2001/XMLSchema" xmlns:xsi="http://www.w3.org/2001/XMLSchema-instance" xmlns="http://www.perceptive.com/2010/10/DataLabsXC/Integration/AdvancedExport">
  <Mapping>
    <DataShapes>
      <DataShape Name="study1" Type="Labs">
        <SubDataShape Name="LabElements" Category="Lab Mapping" IsMultipleInstance="true" DomainName="LabElements">
          <DataReference Name="LAB_ID" Label="Lab ID" Value="Data.*.*.*.LabID.Value" SortOrder="2" MappingType="D" LabelString="Data.*.*.*.LabID.Value" />
          <DataReference Name="Lab_Name" Label="Lab Name" Value="" SortOrder="3" LabelString="" />
          <DataReference Name="Company" Label="Company" Value="" SortOrder="4" LabelString="" />
          <DataReference Name="Lab_Address" Label="Lab Address" Value="" SortOrder="5" LabelString="" />
          <DataReference Name="Country" Label="Country" Value="" SortOrder="6" LabelString="" />
          <DataReference Name="CRF_Collection_Date" Label="CRF Collection Date" Value="Data.*.*.*.CRFCollectionDate.Value" SortOrder="8" MappingType="D" LabelString="Data.*.*.*.CRFCollectionDate.Value" />
          <DataReference Name="CRF_Lab_Test_Name" Label="CRF Lab Test Name" Value="Data.*.*.*.CRFLabTests.Value" SortOrder="9" MappingType="D" LabelString="Data.*.*.*.CRFLabTests.Value" />
          <DataReference Name="Lab_Test_Description" Label="Lab Test Description" Value="" SortOrder="10" LabelString="" />
          <DataReference Name="CRF_Lab_Value" Label="CRF Lab Value" Value="Data.*.*.*.LabValue.Value" SortOrder="11" MappingType="D" LabelString="Data.*.*.*.LabValue.Value" />
          <DataReference Name="CRF_Lab_Original_Unit" Label="CRF Lab (Original) Unit" Value="Data.*.*.*.CRFLabUnits.Value" SortOrder="12" MappingType="D" LabelString="Data.*.*.*.CRFLabUnits.Value" />
          <DataReference Name="Lab_Test_Name" Label="Lab Test Name" Value="" SortOrder="14" LabelString="" />
          <DataReference Name="Lab_Test_Code" Label="Lab Test Code" Value="" SortOrder="15" LabelString="" />
          <DataReference Name="LOINC_Code" Label="LOINC Code" Value="" SortOrder="17" LabelString="" />
          <DataReference Name="Category" Label="Category" Value="" SortOrder="18" LabelString="" />
          <DataReference Name="Sub_category" Label="Subcategory" Value="" SortOrder="19" LabelString="" />
          <DataReference Name="Specimen" Label="Specimen" Value="" SortOrder="20" LabelString="" />
          <DataReference Name="Method" Label="Method" Value="" SortOrder="21" LabelString="" />
          <DataReference Name="Result_Type" Label="Result Type" Value="" SortOrder="22" LabelString="" />
          <DataReference Name="Normal_Reference_Range_Low" Label="Normal Reference Range Low" Value="" SortOrder="24" LabelString="" />
          <DataReference Name="Normal_Reference_Range_High" Label="Normal Reference Range High" Value="" SortOrder="25" LabelString="" />
          <DataReference Name="Critical_Reference_Range_Low" Label="Critical Reference Range Low" Value="" SortOrder="26" LabelString="" />
          <DataReference Name="Critical_Reference_Range_High" Label="Critical Reference Range High" Value="" SortOrder="27" LabelString="" />
          <DataReference Name="Reference_Range_Not_Applicable" Label="Reference Range Not Applicable" Value="" SortOrder="28" LabelString="" />
          <DataReference Name="Reference_Range_ID" Label="Reference Range ID" Value="" SortOrder="29" LabelString="" />
          <DataReference Name="Out_of_Normal_Range_Indicator" Label="Out of Normal Range Indicator" Value="" SortOrder="30" LabelString="" />
          <DataReference Name="Normalized_Patient_Lab_Value" Label="Normalized Patient Lab Value" Value="Data.*.*.*.Precision.Value" SortOrder="32" MappingType="D" LabelString="Data.*.*.*.Precision.Value" />
          <DataReference Name="Normalized_Lab_Unit" Label="Normalized Lab Unit" Value="" SortOrder="33" LabelString="" />
          <DataReference Name="Normalized_Normal_Reference_Range_Low" Label="Normalized Normal Reference Range Low" Value="" SortOrder="34" LabelString="" />
          <DataReference Name="Normalized_Normal_Reference_Range_High" Label="Normalized Normal Reference Range High" Value="" SortOrder="35" LabelString="" />
          <DataReference Name="Normalized_Critical_Reference_Range_Low" Label="Normalized Critical Reference Range Low" Value="" SortOrder="36" LabelString="" />
          <DataReference Name="Normalized_Critical_Reference_Range_High" Label="Normalized Critical Reference Range High" Value="" SortOrder="37" LabelString="" />
          <DataReference Name="Precision" Label="Precision" Value="" SortOrder="38" LabelString="" />
          <DataReference Name="Conversion_Factor" Label="Conversion Factor" Value="Data.*.*.*.ConversionFactor.Value" SortOrder="39" MappingType="D" LabelString="Data.*.*.*.ConversionFactor.Value" />
        </SubDataShape>
        <SubDataShape Name="Attribute Mapping" Category="Attribute Mapping" IsMultipleInstance="false">
          <DataReference Name="GENDER" Label="Gender" Value="Data.Event1.LabForm.Gender.Gender.Value" SortOrder="1" MappingType="M" LabelString="Data.Event1.LabForm.Gender (Gender).Gender.Value">
            <CodeListMappings SourceCodeListName="Gender" StandardCodeListName="GENDER_LAB">
              <CodeListMapping SourceItemName="Female" StandardItemName="Female" />
              <CodeListMapping SourceItemName="Male" StandardItemName="Male" />
              <CodeListMapping SourceItemName="Not Specified" StandardItemName="Not Specified" />
            </CodeListMappings>
          </DataReference>
          <DataReference Name="DATE_OF_BIRTH_SELECTION" Label="Date of Birth / Age" Value="Date of Birth (Whole Date)" SortOrder="2" MappingType="D" LabelString="Date of Birth (Whole Date)" />
          <DataReference Name="DATE_OF_BIRTH_WHOLEDATE" Label="Date of Birth (Whole Date)" Value="Data.Event1.LabForm.Age.Age.Value" SortOrder="3" MappingType="M" LabelString="Data.Event1.LabForm.Age (Age).Age.Value" />
        </SubDataShape>
      </DataShape>
    </DataShapes>
    <LabCategory>
      <Category Name="Lab Mapping" Desc="Lab Mapping" IsMultipleInstance="true">
        <Attribute Name="Laboratory" Label="Laboratory" AgeCalculationType="None" />
        <Attribute Name="LAB_ID" Label="Lab ID" AgeCalculationType="None" />
        <Attribute Name="Lab_Name" Label="Lab Name" AgeCalculationType="None" />
        <Attribute Name="Company" Label="Company" AgeCalculationType="None" />
        <Attribute Name="Lab_Address" Label="Lab Address" AgeCalculationType="None" />
        <Attribute Name="Country" Label="Country" AgeCalculationType="None" />
        <Attribute Name="Subject_Lab_Value" Label="Subject Lab Value" AgeCalculationType="None" />
        <Attribute Name="CRF_Collection_Date" Label="CRF Collection Date" AgeCalculationType="None" />
        <Attribute Name="CRF_Lab_Test_Name" Label="CRF Lab Test Name" AgeCalculationType="None" />
        <Attribute Name="Lab_Test_Description" Label="Lab Test Description" AgeCalculationType="None" />
        <Attribute Name="CRF_Lab_Value" Label="CRF Lab Value" AgeCalculationType="None" />
        <Attribute Name="CRF_Lab_Original_Unit" Label="CRF Lab (Original) Unit" AgeCalculationType="None" />
        <Attribute Name="Dictionary_Lab_Test_Properties" Label="Dictionary Lab Test Properties" AgeCalculationType="None" />
        <Attribute Name="Lab_Test_Name" Label="Lab Test Name" AgeCalculationType="None" />
        <Attribute Name="Lab_Test_Code" Label="Lab Test Code" AgeCalculationType="None" />
        <Attribute Name="LOINC_Code" Label="LOINC Code" AgeCalculationType="None" />
        <Attribute Name="Category" Label="Category" AgeCalculationType="None" />
        <Attribute Name="Sub_category" Label="Subcategory" AgeCalculationType="None" />
        <Attribute Name="Specimen" Label="Specimen" AgeCalculationType="None" />
        <Attribute Name="Method" Label="Method" AgeCalculationType="None" />
        <Attribute Name="Result_Type" Label="Result Type" AgeCalculationType="None" />
        <Attribute Name="Reference_Range" Label="Reference Range" AgeCalculationType="None" />
        <Attribute Name="Normal_Reference_Range_Low" Label="Normal Reference Range Low" AgeCalculationType="None" />
        <Attribute Name="Normal_Reference_Range_High" Label="Normal Reference Range High" AgeCalculationType="None" />
        <Attribute Name="Critical_Reference_Range_Low" Label="Critical Reference Range Low" AgeCalculationType="None" />
        <Attribute Name="Critical_Reference_Range_High" Label="Critical Reference Range High" AgeCalculationType="None" />
        <Attribute Name="Reference_Range_Not_Applicable" Label="Reference Range Not Applicable" AgeCalculationType="None" />
        <Attribute Name="Reference_Range_ID" Label="Reference Range ID" AgeCalculationType="None" />
        <Attribute Name="Out_of_Normal_Range_Indicator" Label="Out of Normal Range Indicator" AgeCalculationType="None" />
        <Attribute Name="Normalization" Label="Normalization" AgeCalculationType="None" />
        <Attribute Name="Normalized_Patient_Lab_Value" Label="Normalized Patient Lab Value" AgeCalculationType="None" />
        <Attribute Name="Normalized_Lab_Unit" Label="Normalized Lab Unit" AgeCalculationType="None" />
        <Attribute Name="Normalized_Normal_Reference_Range_Low" Label="Normalized Normal Reference Range Low" AgeCalculationType="None" />
        <Attribute Name="Normalized_Normal_Reference_Range_High" Label="Normalized Normal Reference Range High" AgeCalculationType="None" />
        <Attribute Name="Normalized_Critical_Reference_Range_Low" Label="Normalized Critical Reference Range Low" AgeCalculationType="None" />
        <Attribute Name="Normalized_Critical_Reference_Range_High" Label="Normalized Critical Reference Range High" AgeCalculationType="None" />
        <Attribute Name="Precision" Label="Precision" AgeCalculationType="None" />
        <Attribute Name="Conversion_Factor" Label="Conversion Factor" AgeCalculationType="None" />
      </Category>
      <Category Name="Attribute Mapping" Desc="Attribute Mapping" IsMultipleInstance="false">
        <Attribute Name="GENDER" Label="Gender" AgeCalculationType="None" />
        <Attribute Name="DATE_OF_BIRTH_SELECTION" Label="Date of Birth / Age" AgeCalculationType="None" />
        <Attribute Name="DATE_OF_BIRTH_WHOLEDATE" Label="Date of Birth (Whole Date)" AgeCalculationType="Date of Birth (Whole Date)" />
        <Attribute Name="DATE_OF_BIRTH_DAY" Label="Date of Birth (Day)" AgeCalculationType="Date of Birth (Day, Month, Year)" />
        <Attribute Name="DATE_OF_BIRTH_MONTH" Label="Date of Birth (Month)" AgeCalculationType="Date of Birth (Day, Month, Year)" />
        <Attribute Name="DATE_OF_BIRTH_YEAR" Label="Date of Birth (Year)" AgeCalculationType="Date of Birth (Day, Month, Year)" />
        <Attribute Name="AGE" Label="Age" AgeCalculationType="Age" />
        <Attribute Name="AGE_UNIT" Label="Age Unit" AgeCalculationType="Age" />
      </Category>
    </LabCategory>
    <DictionaryMapping />
  </Mapping>
</Export>