<Dataset_StudyDesign xmlns="http://tempuri.org/Dataset_StudyDesign.xsd">
  <XCCode>
    <XCCode_GUID>00001b46-0000-0000-0000-000000000000</XCCode_GUID>
    <XCCodeList_GUID>00000a02-0000-0000-0000-000000000000</XCCodeList_GUID>
    <CodeList_Name>SYS_CODING</CodeList_Name>
    <Code_Value>Y</Code_Value>
    <Code_Label>Yes</Code_Label>
    <Code_Prefix />
    <XCCode_Order>20</XCCode_Order>
    <XCCode_Language_Code>EN</XCCode_Language_Code>
    <XCCode_IsCodeListDefault_Flag>False</XCCode_IsCodeListDefault_Flag>
    <IsActive>true</IsActive>
  </XCCode>
  <XCCode>
    <XCCode_GUID>00001b47-0000-0000-0000-000000000000</XCCode_GUID>
    <XCCodeList_GUID>00000a02-0000-0000-0000-000000000000</XCCodeList_GUID>
    <CodeList_Name>SYS_CODING</CodeList_Name>
    <Code_Value>N</Code_Value>
    <Code_Label>No</Code_Label>
    <Code_Prefix />
    <XCCode_Order>30</XCCode_Order>
    <XCCode_Language_Code>EN</XCCode_Language_Code>
    <XCCode_IsCodeListDefault_Flag>False</XCCode_IsCodeListDefault_Flag>
    <IsActive>true</IsActive>
  </XCCode>
  <XCCode>
    <XCCode_GUID>00001b48-0000-0000-0000-000000000000</XCCode_GUID>
    <XCCodeList_GUID>00000a03-0000-0000-0000-000000000000</XCCodeList_GUID>
    <CodeList_Name>SYS_ENDPOINT</CodeList_Name>
    <Code_Value>Y</Code_Value>
    <Code_Label>Yes</Code_Label>
    <Code_Prefix />
    <XCCode_Order>20</XCCode_Order>
    <XCCode_Language_Code>EN</XCCode_Language_Code>
    <XCCode_IsCodeListDefault_Flag>False</XCCode_IsCodeListDefault_Flag>
    <IsActive>true</IsActive>
  </XCCode>
  <XCCode>
    <XCCode_GUID>00001b49-0000-0000-0000-000000000000</XCCode_GUID>
    <XCCodeList_GUID>00000a03-0000-0000-0000-000000000000</XCCodeList_GUID>
    <CodeList_Name>SYS_ENDPOINT</CodeList_Name>
    <Code_Value>N</Code_Value>
    <Code_Label>No</Code_Label>
    <Code_Prefix />
    <XCCode_Order>30</XCCode_Order>
    <XCCode_Language_Code>EN</XCCode_Language_Code>
    <XCCode_IsCodeListDefault_Flag>False</XCCode_IsCodeListDefault_Flag>
    <IsActive>true</IsActive>
  </XCCode>
  <XCCode>
    <XCCode_GUID>00001b4a-0000-0000-0000-000000000000</XCCode_GUID>
    <XCCodeList_GUID>00000a04-0000-0000-0000-000000000000</XCCodeList_GUID>
    <CodeList_Name>SYS_LAB</CodeList_Name>
    <Code_Value>Y</Code_Value>
    <Code_Label>Yes</Code_Label>
    <Code_Prefix />
    <XCCode_Order>20</XCCode_Order>
    <XCCode_Language_Code>EN</XCCode_Language_Code>
    <XCCode_IsCodeListDefault_Flag>False</XCCode_IsCodeListDefault_Flag>
    <IsActive>true</IsActive>
  </XCCode>
  <XCCode>
    <XCCode_GUID>00001b4b-0000-0000-0000-000000000000</XCCode_GUID>
    <XCCodeList_GUID>00000a04-0000-0000-0000-000000000000</XCCodeList_GUID>
    <CodeList_Name>SYS_LAB</CodeList_Name>
    <Code_Value>N</Code_Value>
    <Code_Label>No</Code_Label>
    <Code_Prefix />
    <XCCode_Order>30</XCCode_Order>
    <XCCode_Language_Code>EN</XCCode_Language_Code>
    <XCCode_IsCodeListDefault_Flag>False</XCCode_IsCodeListDefault_Flag>
    <IsActive>true</IsActive>
  </XCCode>
  <XCCode>
    <XCCode_GUID>00001b4c-0000-0000-0000-000000000000</XCCode_GUID>
    <XCCodeList_GUID>00000a05-0000-0000-0000-000000000000</XCCodeList_GUID>
    <CodeList_Name>SYS_PD</CodeList_Name>
    <Code_Value>Y</Code_Value>
    <Code_Label>Yes</Code_Label>
    <Code_Prefix />
    <XCCode_Order>20</XCCode_Order>
    <XCCode_Language_Code>EN</XCCode_Language_Code>
    <XCCode_IsCodeListDefault_Flag>False</XCCode_IsCodeListDefault_Flag>
    <IsActive>true</IsActive>
  </XCCode>
  <XCCode>
    <XCCode_GUID>00001b4d-0000-0000-0000-000000000000</XCCode_GUID>
    <XCCodeList_GUID>00000a05-0000-0000-0000-000000000000</XCCodeList_GUID>
    <CodeList_Name>SYS_PD</CodeList_Name>
    <Code_Value>N</Code_Value>
    <Code_Label>No</Code_Label>
    <Code_Prefix />
    <XCCode_Order>30</XCCode_Order>
    <XCCode_Language_Code>EN</XCCode_Language_Code>
    <XCCode_IsCodeListDefault_Flag>False</XCCode_IsCodeListDefault_Flag>
    <IsActive>true</IsActive>
  </XCCode>
  <XCCode>
    <XCCode_GUID>00001b4e-0000-0000-0000-000000000000</XCCode_GUID>
    <XCCodeList_GUID>00000a06-0000-0000-0000-000000000000</XCCodeList_GUID>
    <CodeList_Name>SYS_SAE</CodeList_Name>
    <Code_Value>Y</Code_Value>
    <Code_Label>Yes</Code_Label>
    <Code_Prefix />
    <XCCode_Order>20</XCCode_Order>
    <XCCode_Language_Code>EN</XCCode_Language_Code>
    <XCCode_IsCodeListDefault_Flag>False</XCCode_IsCodeListDefault_Flag>
    <IsActive>true</IsActive>
  </XCCode>
  <XCCode>
    <XCCode_GUID>00001b4f-0000-0000-0000-000000000000</XCCode_GUID>
    <XCCodeList_GUID>00000a06-0000-0000-0000-000000000000</XCCodeList_GUID>
    <CodeList_Name>SYS_SAE</CodeList_Name>
    <Code_Value>N</Code_Value>
    <Code_Label>No</Code_Label>
    <Code_Prefix />
    <XCCode_Order>30</XCCode_Order>
    <XCCode_Language_Code>EN</XCCode_Language_Code>
    <XCCode_IsCodeListDefault_Flag>False</XCCode_IsCodeListDefault_Flag>
    <IsActive>true</IsActive>
  </XCCode>
  <XCCode>
    <XCCode_GUID>00001b50-0000-0000-0000-000000000000</XCCode_GUID>
    <XCCodeList_GUID>00000a07-0000-0000-0000-000000000000</XCCodeList_GUID>
    <CodeList_Name>SYS_SAFETY</CodeList_Name>
    <Code_Value>Y</Code_Value>
    <Code_Label>Yes</Code_Label>
    <Code_Prefix />
    <XCCode_Order>20</XCCode_Order>
    <XCCode_Language_Code>EN</XCCode_Language_Code>
    <XCCode_IsCodeListDefault_Flag>False</XCCode_IsCodeListDefault_Flag>
    <IsActive>true</IsActive>
  </XCCode>
  <XCCode>
    <XCCode_GUID>00001b51-0000-0000-0000-000000000000</XCCode_GUID>
    <XCCodeList_GUID>00000a07-0000-0000-0000-000000000000</XCCodeList_GUID>
    <CodeList_Name>SYS_SAFETY</CodeList_Name>
    <Code_Value>N</Code_Value>
    <Code_Label>No</Code_Label>
    <Code_Prefix />
    <XCCode_Order>30</XCCode_Order>
    <XCCode_Language_Code>EN</XCCode_Language_Code>
    <XCCode_IsCodeListDefault_Flag>False</XCCode_IsCodeListDefault_Flag>
    <IsActive>true</IsActive>
  </XCCode>
  <XCCode>
    <XCCode_GUID>00001b52-0000-0000-0000-000000000000</XCCode_GUID>
    <XCCodeList_GUID>00000a08-0000-0000-0000-000000000000</XCCodeList_GUID>
    <CodeList_Name>SYS_STATS</CodeList_Name>
    <Code_Value>Y</Code_Value>
    <Code_Label>Yes</Code_Label>
    <Code_Prefix />
    <XCCode_Order>20</XCCode_Order>
    <XCCode_Language_Code>EN</XCCode_Language_Code>
    <XCCode_IsCodeListDefault_Flag>False</XCCode_IsCodeListDefault_Flag>
    <IsActive>true</IsActive>
  </XCCode>
  <XCCode>
    <XCCode_GUID>00001b53-0000-0000-0000-000000000000</XCCode_GUID>
    <XCCodeList_GUID>00000a08-0000-0000-0000-000000000000</XCCodeList_GUID>
    <CodeList_Name>SYS_STATS</CodeList_Name>
    <Code_Value>N</Code_Value>
    <Code_Label>No</Code_Label>
    <Code_Prefix />
    <XCCode_Order>30</XCCode_Order>
    <XCCode_Language_Code>EN</XCCode_Language_Code>
    <XCCode_IsCodeListDefault_Flag>False</XCCode_IsCodeListDefault_Flag>
    <IsActive>true</IsActive>
  </XCCode>
  <XCCode>
    <XCCode_GUID>00001b54-0000-0000-0000-000000000000</XCCode_GUID>
    <XCCodeList_GUID>00000a09-0000-0000-0000-000000000000</XCCodeList_GUID>
    <CodeList_Name>SYS_XOTHER1</CodeList_Name>
    <Code_Value>Y</Code_Value>
    <Code_Label>Yes</Code_Label>
    <Code_Prefix />
    <XCCode_Order>20</XCCode_Order>
    <XCCode_Language_Code>EN</XCCode_Language_Code>
    <XCCode_IsCodeListDefault_Flag>False</XCCode_IsCodeListDefault_Flag>
    <IsActive>true</IsActive>
  </XCCode>
  <XCCode>
    <XCCode_GUID>00001b55-0000-0000-0000-000000000000</XCCode_GUID>
    <XCCodeList_GUID>00000a09-0000-0000-0000-000000000000</XCCodeList_GUID>
    <CodeList_Name>SYS_XOTHER1</CodeList_Name>
    <Code_Value>N</Code_Value>
    <Code_Label>No</Code_Label>
    <Code_Prefix />
    <XCCode_Order>30</XCCode_Order>
    <XCCode_Language_Code>EN</XCCode_Language_Code>
    <XCCode_IsCodeListDefault_Flag>False</XCCode_IsCodeListDefault_Flag>
    <IsActive>true</IsActive>
  </XCCode>
  <XCCode>
    <XCCode_GUID>00001b56-0000-0000-0000-000000000000</XCCode_GUID>
    <XCCodeList_GUID>00000a0a-0000-0000-0000-000000000000</XCCodeList_GUID>
    <CodeList_Name>SYS_XOTHER2</CodeList_Name>
    <Code_Value>Y</Code_Value>
    <Code_Label>Yes</Code_Label>
    <Code_Prefix />
    <XCCode_Order>20</XCCode_Order>
    <XCCode_Language_Code>EN</XCCode_Language_Code>
    <XCCode_IsCodeListDefault_Flag>False</XCCode_IsCodeListDefault_Flag>
    <IsActive>true</IsActive>
  </XCCode>
  <XCCode>
    <XCCode_GUID>00001b57-0000-0000-0000-000000000000</XCCode_GUID>
    <XCCodeList_GUID>00000a0a-0000-0000-0000-000000000000</XCCodeList_GUID>
    <CodeList_Name>SYS_XOTHER2</CodeList_Name>
    <Code_Value>N</Code_Value>
    <Code_Label>No</Code_Label>
    <Code_Prefix />
    <XCCode_Order>30</XCCode_Order>
    <XCCode_Language_Code>EN</XCCode_Language_Code>
    <XCCode_IsCodeListDefault_Flag>False</XCCode_IsCodeListDefault_Flag>
    <IsActive>true</IsActive>
  </XCCode>
  <XCCode>
    <XCCode_GUID>00001b58-0000-0000-0000-000000000000</XCCode_GUID>
    <XCCodeList_GUID>00000a0b-0000-0000-0000-000000000000</XCCodeList_GUID>
    <CodeList_Name>SYS_XOTHER3</CodeList_Name>
    <Code_Value>Y</Code_Value>
    <Code_Label>Yes</Code_Label>
    <Code_Prefix />
    <XCCode_Order>20</XCCode_Order>
    <XCCode_Language_Code>EN</XCCode_Language_Code>
    <XCCode_IsCodeListDefault_Flag>False</XCCode_IsCodeListDefault_Flag>
    <IsActive>true</IsActive>
  </XCCode>
  <XCCode>
    <XCCode_GUID>00001b59-0000-0000-0000-000000000000</XCCode_GUID>
    <XCCodeList_GUID>00000a0b-0000-0000-0000-000000000000</XCCodeList_GUID>
    <CodeList_Name>SYS_XOTHER3</CodeList_Name>
    <Code_Value>N</Code_Value>
    <Code_Label>No</Code_Label>
    <Code_Prefix />
    <XCCode_Order>30</XCCode_Order>
    <XCCode_Language_Code>EN</XCCode_Language_Code>
    <XCCode_IsCodeListDefault_Flag>False</XCCode_IsCodeListDefault_Flag>
    <IsActive>true</IsActive>
  </XCCode>
  <XCCode>
    <XCCode_GUID>00001b5a-0000-0000-0000-000000000000</XCCode_GUID>
    <XCCodeList_GUID>00000a0c-0000-0000-0000-000000000000</XCCodeList_GUID>
    <CodeList_Name>SYS_XOTHER4</CodeList_Name>
    <Code_Value>Y</Code_Value>
    <Code_Label>Yes</Code_Label>
    <Code_Prefix />
    <XCCode_Order>20</XCCode_Order>
    <XCCode_Language_Code>EN</XCCode_Language_Code>
    <XCCode_IsCodeListDefault_Flag>False</XCCode_IsCodeListDefault_Flag>
    <IsActive>true</IsActive>
  </XCCode>
  <XCCode>
    <XCCode_GUID>00001b5b-0000-0000-0000-000000000000</XCCode_GUID>
    <XCCodeList_GUID>00000a0c-0000-0000-0000-000000000000</XCCodeList_GUID>
    <CodeList_Name>SYS_XOTHER4</CodeList_Name>
    <Code_Value>N</Code_Value>
    <Code_Label>No</Code_Label>
    <Code_Prefix />
    <XCCode_Order>30</XCCode_Order>
    <XCCode_Language_Code>EN</XCCode_Language_Code>
    <XCCode_IsCodeListDefault_Flag>False</XCCode_IsCodeListDefault_Flag>
    <IsActive>true</IsActive>
  </XCCode>
  <XCCode>
    <XCCode_GUID>00001b5c-0000-0000-0000-000000000000</XCCode_GUID>
    <XCCodeList_GUID>00000a0d-0000-0000-0000-000000000000</XCCodeList_GUID>
    <CodeList_Name>SYS_XOTHER5</CodeList_Name>
    <Code_Value>Y</Code_Value>
    <Code_Label>Yes</Code_Label>
    <Code_Prefix />
    <XCCode_Order>20</XCCode_Order>
    <XCCode_Language_Code>EN</XCCode_Language_Code>
    <XCCode_IsCodeListDefault_Flag>False</XCCode_IsCodeListDefault_Flag>
    <IsActive>true</IsActive>
  </XCCode>
  <XCCode>
    <XCCode_GUID>00001b5d-0000-0000-0000-000000000000</XCCode_GUID>
    <XCCodeList_GUID>00000a0d-0000-0000-0000-000000000000</XCCodeList_GUID>
    <CodeList_Name>SYS_XOTHER5</CodeList_Name>
    <Code_Value>N</Code_Value>
    <Code_Label>No</Code_Label>
    <Code_Prefix />
    <XCCode_Order>30</XCCode_Order>
    <XCCode_Language_Code>EN</XCCode_Language_Code>
    <XCCode_IsCodeListDefault_Flag>False</XCCode_IsCodeListDefault_Flag>
    <IsActive>true</IsActive>
  </XCCode>
  <XCCode>
    <XCCode_GUID>00001b5e-0000-0000-0000-000000000000</XCCode_GUID>
    <XCCodeList_GUID>00000a0e-0000-0000-0000-000000000000</XCCodeList_GUID>
    <CodeList_Name>SYS_XOTHER6</CodeList_Name>
    <Code_Value>Y</Code_Value>
    <Code_Label>Yes</Code_Label>
    <Code_Prefix />
    <XCCode_Order>20</XCCode_Order>
    <XCCode_Language_Code>EN</XCCode_Language_Code>
    <XCCode_IsCodeListDefault_Flag>False</XCCode_IsCodeListDefault_Flag>
    <IsActive>true</IsActive>
  </XCCode>
  <XCCode>
    <XCCode_GUID>00001b5f-0000-0000-0000-000000000000</XCCode_GUID>
    <XCCodeList_GUID>00000a0e-0000-0000-0000-000000000000</XCCodeList_GUID>
    <CodeList_Name>SYS_XOTHER6</CodeList_Name>
    <Code_Value>N</Code_Value>
    <Code_Label>No</Code_Label>
    <Code_Prefix />
    <XCCode_Order>30</XCCode_Order>
    <XCCode_Language_Code>EN</XCCode_Language_Code>
    <XCCode_IsCodeListDefault_Flag>False</XCCode_IsCodeListDefault_Flag>
    <IsActive>true</IsActive>
  </XCCode>
  <XCCodeList>
    <XCCodeList_GUID>00000a02-0000-0000-0000-000000000000</XCCodeList_GUID>
    <CodeList_Name>SYS_CODING</CodeList_Name>
    <XCCodeList_Label>Coding</XCCodeList_Label>
    <CodeList_DataType_Code>text</CodeList_DataType_Code>
    <CodeList_SASFormat_Name />
    <IsActive>false</IsActive>
    <CodeListType_Name>Query Category</CodeListType_Name>
  </XCCodeList>
  <XCCodeList>
    <XCCodeList_GUID>00000a03-0000-0000-0000-000000000000</XCCodeList_GUID>
    <CodeList_Name>SYS_ENDPOINT</CodeList_Name>
    <XCCodeList_Label>Endpoint</XCCodeList_Label>
    <CodeList_DataType_Code>text</CodeList_DataType_Code>
    <CodeList_SASFormat_Name />
    <IsActive>false</IsActive>
    <CodeListType_Name>Query Category</CodeListType_Name>
  </XCCodeList>
  <XCCodeList>
    <XCCodeList_GUID>00000a04-0000-0000-0000-000000000000</XCCodeList_GUID>
    <CodeList_Name>SYS_LAB</CodeList_Name>
    <XCCodeList_Label>Lab</XCCodeList_Label>
    <CodeList_DataType_Code>text</CodeList_DataType_Code>
    <CodeList_SASFormat_Name />
    <IsActive>false</IsActive>
    <CodeListType_Name>Query Category</CodeListType_Name>
  </XCCodeList>
  <XCCodeList>
    <XCCodeList_GUID>00000a05-0000-0000-0000-000000000000</XCCodeList_GUID>
    <CodeList_Name>SYS_PD</CodeList_Name>
    <XCCodeList_Label>Protocol Deviation</XCCodeList_Label>
    <CodeList_DataType_Code>text</CodeList_DataType_Code>
    <CodeList_SASFormat_Name />
    <IsActive>false</IsActive>
    <CodeListType_Name>Query Category</CodeListType_Name>
  </XCCodeList>
  <XCCodeList>
    <XCCodeList_GUID>00000a06-0000-0000-0000-000000000000</XCCodeList_GUID>
    <CodeList_Name>SYS_SAE</CodeList_Name>
    <XCCodeList_Label>SAE</XCCodeList_Label>
    <CodeList_DataType_Code>text</CodeList_DataType_Code>
    <CodeList_SASFormat_Name />
    <IsActive>false</IsActive>
    <CodeListType_Name>Query Category</CodeListType_Name>
  </XCCodeList>
  <XCCodeList>
    <XCCodeList_GUID>00000a07-0000-0000-0000-000000000000</XCCodeList_GUID>
    <CodeList_Name>SYS_SAFETY</CodeList_Name>
    <XCCodeList_Label>Safety</XCCodeList_Label>
    <CodeList_DataType_Code>text</CodeList_DataType_Code>
    <CodeList_SASFormat_Name />
    <IsActive>false</IsActive>
    <CodeListType_Name>Query Category</CodeListType_Name>
  </XCCodeList>
  <XCCodeList>
    <XCCodeList_GUID>00000a08-0000-0000-0000-000000000000</XCCodeList_GUID>
    <CodeList_Name>SYS_STATS</CodeList_Name>
    <XCCodeList_Label>Stats</XCCodeList_Label>
    <CodeList_DataType_Code>text</CodeList_DataType_Code>
    <CodeList_SASFormat_Name />
    <IsActive>false</IsActive>
    <CodeListType_Name>Query Category</CodeListType_Name>
  </XCCodeList>
  <XCCodeList>
    <XCCodeList_GUID>00000a09-0000-0000-0000-000000000000</XCCodeList_GUID>
    <CodeList_Name>SYS_XOTHER1</CodeList_Name>
    <XCCodeList_Label>Other1</XCCodeList_Label>
    <CodeList_DataType_Code>text</CodeList_DataType_Code>
    <CodeList_SASFormat_Name />
    <IsActive>false</IsActive>
    <CodeListType_Name>Query Category</CodeListType_Name>
  </XCCodeList>
  <XCCodeList>
    <XCCodeList_GUID>00000a0a-0000-0000-0000-000000000000</XCCodeList_GUID>
    <CodeList_Name>SYS_XOTHER2</CodeList_Name>
    <XCCodeList_Label>Other2</XCCodeList_Label>
    <CodeList_DataType_Code>text</CodeList_DataType_Code>
    <CodeList_SASFormat_Name />
    <IsActive>false</IsActive>
    <CodeListType_Name>Query Category</CodeListType_Name>
  </XCCodeList>
  <XCCodeList>
    <XCCodeList_GUID>00000a0b-0000-0000-0000-000000000000</XCCodeList_GUID>
    <CodeList_Name>SYS_XOTHER3</CodeList_Name>
    <XCCodeList_Label>Other3</XCCodeList_Label>
    <CodeList_DataType_Code>text</CodeList_DataType_Code>
    <CodeList_SASFormat_Name />
    <IsActive>false</IsActive>
    <CodeListType_Name>Query Category</CodeListType_Name>
  </XCCodeList>
  <XCCodeList>
    <XCCodeList_GUID>00000a0c-0000-0000-0000-000000000000</XCCodeList_GUID>
    <CodeList_Name>SYS_XOTHER4</CodeList_Name>
    <XCCodeList_Label>Other4</XCCodeList_Label>
    <CodeList_DataType_Code>text</CodeList_DataType_Code>
    <CodeList_SASFormat_Name />
    <IsActive>false</IsActive>
    <CodeListType_Name>Query Category</CodeListType_Name>
  </XCCodeList>
  <XCCodeList>
    <XCCodeList_GUID>00000a0d-0000-0000-0000-000000000000</XCCodeList_GUID>
    <CodeList_Name>SYS_XOTHER5</CodeList_Name>
    <XCCodeList_Label>Other5</XCCodeList_Label>
    <CodeList_DataType_Code>text</CodeList_DataType_Code>
    <CodeList_SASFormat_Name />
    <IsActive>false</IsActive>
    <CodeListType_Name>Query Category</CodeListType_Name>
  </XCCodeList>
  <XCCodeList>
    <XCCodeList_GUID>00000a0e-0000-0000-0000-000000000000</XCCodeList_GUID>
    <CodeList_Name>SYS_XOTHER6</CodeList_Name>
    <XCCodeList_Label>Other6</XCCodeList_Label>
    <CodeList_DataType_Code>text</CodeList_DataType_Code>
    <CodeList_SASFormat_Name />
    <IsActive>false</IsActive>
    <CodeListType_Name>Query Category</CodeListType_Name>
  </XCCodeList>
  <XCDomain>
    <XCDomain_GUID>000001fa-0000-0000-0000-000000000000</XCDomain_GUID>
    <Domain_Name>StatusForm</Domain_Name>
    <XCDomain_Label>Data from special status forms</XCDomain_Label>
    <Domain_CDISC_SDSVar_Name>STATFRM</Domain_CDISC_SDSVar_Name>
    <XCDomain_DomainStatusId>6</XCDomain_DomainStatusId>
  </XCDomain>
  <XCEvent>
    <XCEvent_GUID>00000153-0000-0000-0000-000000000000</XCEvent_GUID>
    <Event_Name>Common</Event_Name>
    <XCEvent_Label>Common</XCEvent_Label>
    <Event_Repeating_Flag>False</Event_Repeating_Flag>
    <Event_Type_Code>Common</Event_Type_Code>
    <Event_Category_Code />
    <XCEvent_WindowMin_Value>0</XCEvent_WindowMin_Value>
    <XCEvent_WindowMinUofM_Code>Days</XCEvent_WindowMinUofM_Code>
    <XCEvent_WindowIdeal_Value>0</XCEvent_WindowIdeal_Value>
    <XCEvent_WindowIdealUofM_Code>Days</XCEvent_WindowIdealUofM_Code>
    <XCEvent_WindowMax_Value>0</XCEvent_WindowMax_Value>
    <XCEvent_WindowMaxUofM_Code>Days</XCEvent_WindowMaxUofM_Code>
    <Event_Order>0</Event_Order>
    <EventDateEditable>false</EventDateEditable>
    <XCEvent_PublishPtStatus_Code>Screened</XCEvent_PublishPtStatus_Code>
    <XCEvent_Publish_Type>Status</XCEvent_Publish_Type>
    <XCValidation_Code>Valid</XCValidation_Code>
  </XCEvent>
  <XCEvent>
    <XCEvent_GUID>00000154-0000-0000-0000-000000000000</XCEvent_GUID>
    <Event_Name>Unscheduled</Event_Name>
    <XCEvent_Label>Unscheduled</XCEvent_Label>
    <Event_Repeating_Flag>False</Event_Repeating_Flag>
    <Event_Type_Code>Unscheduled</Event_Type_Code>
    <Event_Category_Code />
    <XCEvent_WindowMin_Value>0</XCEvent_WindowMin_Value>
    <XCEvent_WindowMinUofM_Code>Days</XCEvent_WindowMinUofM_Code>
    <XCEvent_WindowIdeal_Value>0</XCEvent_WindowIdeal_Value>
    <XCEvent_WindowIdealUofM_Code>Days</XCEvent_WindowIdealUofM_Code>
    <XCEvent_WindowMax_Value>0</XCEvent_WindowMax_Value>
    <XCEvent_WindowMaxUofM_Code>Days</XCEvent_WindowMaxUofM_Code>
    <Event_Order>1</Event_Order>
    <EventDateEditable>true</EventDateEditable>
    <XCEvent_PublishPtStatus_Code>Unscheduled</XCEvent_PublishPtStatus_Code>
    <XCValidation_Code>Invalid</XCValidation_Code>
  </XCEvent>
  <XCFormDef>
    <XCFormDef_GUID>000002c8-0000-0000-0000-000000000000</XCFormDef_GUID>
    <FormDef_Name>Scr</FormDef_Name>
    <XCFormDef_Label>Screened</XCFormDef_Label>
    <XCFormDef_Type_Code>Status</XCFormDef_Type_Code>
    <FormDef_RepeatInEvent_Flag>0</FormDef_RepeatInEvent_Flag>
    <XCFormDef_UnschEventUse_Flag>False</XCFormDef_UnschEventUse_Flag>
    <XCFormDef_IsStartForm_Flag>1</XCFormDef_IsStartForm_Flag>
    <XCFormDef_External_ID>Screened</XCFormDef_External_ID>
    <XCValidation_Code>Valid</XCValidation_Code>
  </XCFormDef>
  <XCFormDef>
    <XCFormDef_GUID>000002c9-0000-0000-0000-000000000000</XCFormDef_GUID>
    <FormDef_Name>Enroll</FormDef_Name>
    <XCFormDef_Label>Enrolled</XCFormDef_Label>
    <XCFormDef_Type_Code>Status</XCFormDef_Type_Code>
    <FormDef_RepeatInEvent_Flag>0</FormDef_RepeatInEvent_Flag>
    <XCFormDef_UnschEventUse_Flag>False</XCFormDef_UnschEventUse_Flag>
    <XCFormDef_IsStartForm_Flag>0</XCFormDef_IsStartForm_Flag>
    <XCFormDef_External_ID>Enrolled</XCFormDef_External_ID>
    <XCValidation_Code>Valid</XCValidation_Code>
  </XCFormDef>
  <XCFormDef>
    <XCFormDef_GUID>000002ca-0000-0000-0000-000000000000</XCFormDef_GUID>
    <FormDef_Name>Disc</FormDef_Name>
    <XCFormDef_Label>Discontinued</XCFormDef_Label>
    <XCFormDef_Type_Code>Status</XCFormDef_Type_Code>
    <FormDef_RepeatInEvent_Flag>0</FormDef_RepeatInEvent_Flag>
    <XCFormDef_UnschEventUse_Flag>False</XCFormDef_UnschEventUse_Flag>
    <XCFormDef_IsStartForm_Flag>0</XCFormDef_IsStartForm_Flag>
    <XCFormDef_External_ID>Discontinued</XCFormDef_External_ID>
    <XCValidation_Code>Valid</XCValidation_Code>
  </XCFormDef>
  <XCFormDef>
    <XCFormDef_GUID>000002cb-0000-0000-0000-000000000000</XCFormDef_GUID>
    <FormDef_Name>Fail</FormDef_Name>
    <XCFormDef_Label>Failed</XCFormDef_Label>
    <XCFormDef_Type_Code>Status</XCFormDef_Type_Code>
    <FormDef_RepeatInEvent_Flag>0</FormDef_RepeatInEvent_Flag>
    <XCFormDef_UnschEventUse_Flag>False</XCFormDef_UnschEventUse_Flag>
    <XCFormDef_IsStartForm_Flag>0</XCFormDef_IsStartForm_Flag>
    <XCFormDef_External_ID>Failed</XCFormDef_External_ID>
    <XCValidation_Code>Valid</XCValidation_Code>
  </XCFormDef>
  <XCFormDef>
    <XCFormDef_GUID>000002cc-0000-0000-0000-000000000000</XCFormDef_GUID>
    <FormDef_Name>Comp</FormDef_Name>
    <XCFormDef_Label>Completed</XCFormDef_Label>
    <XCFormDef_Type_Code>Status</XCFormDef_Type_Code>
    <FormDef_RepeatInEvent_Flag>0</FormDef_RepeatInEvent_Flag>
    <XCFormDef_UnschEventUse_Flag>False</XCFormDef_UnschEventUse_Flag>
    <XCFormDef_IsStartForm_Flag>0</XCFormDef_IsStartForm_Flag>
    <XCFormDef_External_ID />
    <XCValidation_Code>Valid</XCValidation_Code>
  </XCFormDef>
  <XCFormRef>
    <XCFormRef_GUID>4b0fe99b-5fdb-4a2d-9394-e4e07e158b1b</XCFormRef_GUID>
    <XCEvent_GUID>00000153-0000-0000-0000-000000000000</XCEvent_GUID>
    <Event_Name>Common</Event_Name>
    <XCFormDef_GUID>000002c8-0000-0000-0000-000000000000</XCFormDef_GUID>
    <FormDef_Name>Scr</FormDef_Name>
    <XCFormRef_PlanOrOpt_Flag>Planned</XCFormRef_PlanOrOpt_Flag>
    <XCFormRef_Hidden_Flag>0</XCFormRef_Hidden_Flag>
    <FormRef_Order>10</FormRef_Order>
    <XCFormRef_Publish_Type>Static</XCFormRef_Publish_Type>
  </XCFormRef>
  <XCFormRef>
    <XCFormRef_GUID>9267352f-29fd-41dd-a51f-fb6650f9e23b</XCFormRef_GUID>
    <XCEvent_GUID>00000153-0000-0000-0000-000000000000</XCEvent_GUID>
    <Event_Name>Common</Event_Name>
    <XCFormDef_GUID>000002c9-0000-0000-0000-000000000000</XCFormDef_GUID>
    <FormDef_Name>Enroll</FormDef_Name>
    <XCFormRef_PlanOrOpt_Flag>Optional</XCFormRef_PlanOrOpt_Flag>
    <XCFormRef_Hidden_Flag>0</XCFormRef_Hidden_Flag>
    <FormRef_Order>20</FormRef_Order>
    <XCFormRef_Publish_Type>Static</XCFormRef_Publish_Type>
  </XCFormRef>
  <XCFormRef>
    <XCFormRef_GUID>edd67ff9-8df8-4e09-ba8b-c7189e690547</XCFormRef_GUID>
    <XCEvent_GUID>00000153-0000-0000-0000-000000000000</XCEvent_GUID>
    <Event_Name>Common</Event_Name>
    <XCFormDef_GUID>000002ca-0000-0000-0000-000000000000</XCFormDef_GUID>
    <FormDef_Name>Disc</FormDef_Name>
    <XCFormRef_PlanOrOpt_Flag>Optional</XCFormRef_PlanOrOpt_Flag>
    <XCFormRef_Hidden_Flag>0</XCFormRef_Hidden_Flag>
    <FormRef_Order>40</FormRef_Order>
    <XCFormRef_Publish_Type>Static</XCFormRef_Publish_Type>
  </XCFormRef>
  <XCFormRef>
    <XCFormRef_GUID>4a010db0-e38c-4514-910c-f0ecb424588f</XCFormRef_GUID>
    <XCEvent_GUID>00000153-0000-0000-0000-000000000000</XCEvent_GUID>
    <Event_Name>Common</Event_Name>
    <XCFormDef_GUID>000002cb-0000-0000-0000-000000000000</XCFormDef_GUID>
    <FormDef_Name>Fail</FormDef_Name>
    <XCFormRef_PlanOrOpt_Flag>Optional</XCFormRef_PlanOrOpt_Flag>
    <XCFormRef_Hidden_Flag>0</XCFormRef_Hidden_Flag>
    <FormRef_Order>30</FormRef_Order>
    <XCFormRef_Publish_Type>Static</XCFormRef_Publish_Type>
  </XCFormRef>
  <XCFormRef>
    <XCFormRef_GUID>40f31ef3-f35c-49e5-843e-a3cbc85a9dcf</XCFormRef_GUID>
    <XCEvent_GUID>00000153-0000-0000-0000-000000000000</XCEvent_GUID>
    <Event_Name>Common</Event_Name>
    <XCFormDef_GUID>000002cc-0000-0000-0000-000000000000</XCFormDef_GUID>
    <FormDef_Name>Comp</FormDef_Name>
    <XCFormRef_PlanOrOpt_Flag>Optional</XCFormRef_PlanOrOpt_Flag>
    <XCFormRef_Hidden_Flag>0</XCFormRef_Hidden_Flag>
    <FormRef_Order>50</FormRef_Order>
    <XCFormRef_Publish_Type>Static</XCFormRef_Publish_Type>
  </XCFormRef>
  <XCItemDef>
    <XCItemDef_GUID>00000e73-0000-0000-0000-000000000000</XCItemDef_GUID>
    <ItemDef_Name>SCRNIDENT</ItemDef_Name>
    <XCItemDef_Domain_GUID>000001fa-0000-0000-0000-000000000000</XCItemDef_Domain_GUID>
    <ItemDef_Domain_Name>StatusForm</ItemDef_Domain_Name>
    <XCItemDef_Label>SCRNIDENT</XCItemDef_Label>
    <ItemDef_Order>1</ItemDef_Order>
    <ItemDef_SASField_Name>PATINIT</ItemDef_SASField_Name>
    <ItemDef_CDISC_SDSVar_Name>PATINIT</ItemDef_CDISC_SDSVar_Name>
    <ItemDef_Source_Code>EDC</ItemDef_Source_Code>
    <ItemDef_Comment />
    <ItemDef_DataType_Code>Text</ItemDef_DataType_Code>
    <XCItemDef_Min_Length>0</XCItemDef_Min_Length>
    <XCItemDef_Min_Precision>0</XCItemDef_Min_Precision>
    <ItemDef_Max_Length>10</ItemDef_Max_Length>
    <ItemDef_Max_Precision>0</ItemDef_Max_Precision>
    <ItemDef_BlankCodeListBit_Flag>True</ItemDef_BlankCodeListBit_Flag>
    <XCItemDef_External_ID>SCRNIDENT</XCItemDef_External_ID>
    <ItemDef_SASFieldLabel>Initials</ItemDef_SASFieldLabel>
  </XCItemDef>
  <XCItemDef>
    <XCItemDef_GUID>00000e74-0000-0000-0000-000000000000</XCItemDef_GUID>
    <ItemDef_Name>SCRNID</ItemDef_Name>
    <XCItemDef_Domain_GUID>000001fa-0000-0000-0000-000000000000</XCItemDef_Domain_GUID>
    <ItemDef_Domain_Name>StatusForm</ItemDef_Domain_Name>
    <XCItemDef_Label>SCRNID</XCItemDef_Label>
    <ItemDef_Order>2</ItemDef_Order>
    <ItemDef_SASField_Name>SCRNID</ItemDef_SASField_Name>
    <ItemDef_CDISC_SDSVar_Name>SCRNID</ItemDef_CDISC_SDSVar_Name>
    <ItemDef_Source_Code>EDC</ItemDef_Source_Code>
    <ItemDef_Comment />
    <ItemDef_DataType_Code>Text</ItemDef_DataType_Code>
    <XCItemDef_Min_Length>0</XCItemDef_Min_Length>
    <XCItemDef_Min_Precision>0</XCItemDef_Min_Precision>
    <ItemDef_Max_Length>35</ItemDef_Max_Length>
    <ItemDef_Max_Precision>0</ItemDef_Max_Precision>
    <ItemDef_BlankCodeListBit_Flag>True</ItemDef_BlankCodeListBit_Flag>
    <XCItemDef_External_ID>SCRNID</XCItemDef_External_ID>
    <ItemDef_SASFieldLabel>Screening ID</ItemDef_SASFieldLabel>
  </XCItemDef>
  <XCItemDef>
    <XCItemDef_GUID>00000e75-0000-0000-0000-000000000000</XCItemDef_GUID>
    <ItemDef_Name>SCRNDATE</ItemDef_Name>
    <XCItemDef_Domain_GUID>000001fa-0000-0000-0000-000000000000</XCItemDef_Domain_GUID>
    <ItemDef_Domain_Name>StatusForm</ItemDef_Domain_Name>
    <XCItemDef_Label>SCRNDATE</XCItemDef_Label>
    <ItemDef_Order>3</ItemDef_Order>
    <ItemDef_SASField_Name>SCRNDATE</ItemDef_SASField_Name>
    <ItemDef_CDISC_SDSVar_Name>SCRNDATE</ItemDef_CDISC_SDSVar_Name>
    <ItemDef_Source_Code>EDC</ItemDef_Source_Code>
    <ItemDef_Comment />
    <ItemDef_DataType_Code>Date</ItemDef_DataType_Code>
    <XCItemDef_Min_Length>10</XCItemDef_Min_Length>
    <XCItemDef_Min_Precision>0</XCItemDef_Min_Precision>
    <ItemDef_Max_Length>10</ItemDef_Max_Length>
    <ItemDef_Max_Precision>0</ItemDef_Max_Precision>
    <ItemDef_BlankCodeListBit_Flag>True</ItemDef_BlankCodeListBit_Flag>
    <XCItemDef_External_ID>SCRNDATE</XCItemDef_External_ID>
    <ItemDef_SASFieldLabel>Screened Date</ItemDef_SASFieldLabel>
    <ItemDef_SASFieldFormatName>MMDDYY10.</ItemDef_SASFieldFormatName>
  </XCItemDef>
  <XCItemDef>
    <XCItemDef_GUID>00000e76-0000-0000-0000-000000000000</XCItemDef_GUID>
    <ItemDef_Name>ENRLID</ItemDef_Name>
    <XCItemDef_Domain_GUID>000001fa-0000-0000-0000-000000000000</XCItemDef_Domain_GUID>
    <ItemDef_Domain_Name>StatusForm</ItemDef_Domain_Name>
    <XCItemDef_Label>ENRLID</XCItemDef_Label>
    <ItemDef_Order>4</ItemDef_Order>
    <ItemDef_SASField_Name>ENRLID</ItemDef_SASField_Name>
    <ItemDef_CDISC_SDSVar_Name>ENRLID</ItemDef_CDISC_SDSVar_Name>
    <ItemDef_Source_Code>Derived</ItemDef_Source_Code>
    <ItemDef_Comment />
    <ItemDef_DataType_Code>Text</ItemDef_DataType_Code>
    <XCItemDef_Min_Length>0</XCItemDef_Min_Length>
    <XCItemDef_Min_Precision>0</XCItemDef_Min_Precision>
    <ItemDef_Max_Length>35</ItemDef_Max_Length>
    <ItemDef_Max_Precision>0</ItemDef_Max_Precision>
    <ItemDef_BlankCodeListBit_Flag>True</ItemDef_BlankCodeListBit_Flag>
    <XCItemDef_External_ID>ENRLID</XCItemDef_External_ID>
    <XCDerived_Script_GUID>00001b01-0000-0000-0000-000000000000</XCDerived_Script_GUID>
    <XCDerived_Script_Name>D_InheritFromScrnID</XCDerived_Script_Name>
    <ItemDef_SASFieldLabel>Enroll ID</ItemDef_SASFieldLabel>
  </XCItemDef>
  <XCItemDef>
    <XCItemDef_GUID>00000e77-0000-0000-0000-000000000000</XCItemDef_GUID>
    <ItemDef_Name>ENRLDATE</ItemDef_Name>
    <XCItemDef_Domain_GUID>000001fa-0000-0000-0000-000000000000</XCItemDef_Domain_GUID>
    <ItemDef_Domain_Name>StatusForm</ItemDef_Domain_Name>
    <XCItemDef_Label>ENRLDATE</XCItemDef_Label>
    <ItemDef_Order>5</ItemDef_Order>
    <ItemDef_SASField_Name>ENRLDATE</ItemDef_SASField_Name>
    <ItemDef_CDISC_SDSVar_Name>ENRLDATE</ItemDef_CDISC_SDSVar_Name>
    <ItemDef_Source_Code>EDC</ItemDef_Source_Code>
    <ItemDef_Comment />
    <ItemDef_DataType_Code>Date</ItemDef_DataType_Code>
    <XCItemDef_Min_Length>10</XCItemDef_Min_Length>
    <XCItemDef_Min_Precision>0</XCItemDef_Min_Precision>
    <ItemDef_Max_Length>10</ItemDef_Max_Length>
    <ItemDef_Max_Precision>0</ItemDef_Max_Precision>
    <ItemDef_BlankCodeListBit_Flag>True</ItemDef_BlankCodeListBit_Flag>
    <XCItemDef_External_ID>ENRLDATE</XCItemDef_External_ID>
    <ItemDef_SASFieldLabel>Enrollment Date</ItemDef_SASFieldLabel>
    <ItemDef_SASFieldFormatName>MMDDYY10.</ItemDef_SASFieldFormatName>
  </XCItemDef>
  <XCItemDef>
    <XCItemDef_GUID>00000e78-0000-0000-0000-000000000000</XCItemDef_GUID>
    <ItemDef_Name>SCRNFAILDATE</ItemDef_Name>
    <XCItemDef_Domain_GUID>000001fa-0000-0000-0000-000000000000</XCItemDef_Domain_GUID>
    <ItemDef_Domain_Name>StatusForm</ItemDef_Domain_Name>
    <XCItemDef_Label>SCRNFAILDATE</XCItemDef_Label>
    <ItemDef_Order>6</ItemDef_Order>
    <ItemDef_SASField_Name>FAILDATE</ItemDef_SASField_Name>
    <ItemDef_CDISC_SDSVar_Name>FAILDATE</ItemDef_CDISC_SDSVar_Name>
    <ItemDef_Source_Code>EDC</ItemDef_Source_Code>
    <ItemDef_Comment />
    <ItemDef_DataType_Code>Date</ItemDef_DataType_Code>
    <XCItemDef_Min_Length>10</XCItemDef_Min_Length>
    <XCItemDef_Min_Precision>0</XCItemDef_Min_Precision>
    <ItemDef_Max_Length>10</ItemDef_Max_Length>
    <ItemDef_Max_Precision>0</ItemDef_Max_Precision>
    <ItemDef_BlankCodeListBit_Flag>True</ItemDef_BlankCodeListBit_Flag>
    <XCItemDef_External_ID>SCRNFAILDATE</XCItemDef_External_ID>
    <ItemDef_SASFieldLabel>Screen Failure Date</ItemDef_SASFieldLabel>
    <ItemDef_SASFieldFormatName>MMDDYY10.</ItemDef_SASFieldFormatName>
  </XCItemDef>
  <XCItemDef>
    <XCItemDef_GUID>00000e79-0000-0000-0000-000000000000</XCItemDef_GUID>
    <ItemDef_Name>DISCDATE</ItemDef_Name>
    <XCItemDef_Domain_GUID>000001fa-0000-0000-0000-000000000000</XCItemDef_Domain_GUID>
    <ItemDef_Domain_Name>StatusForm</ItemDef_Domain_Name>
    <XCItemDef_Label>DISCDATE</XCItemDef_Label>
    <ItemDef_Order>7</ItemDef_Order>
    <ItemDef_SASField_Name>DISCDATE</ItemDef_SASField_Name>
    <ItemDef_CDISC_SDSVar_Name>DISCDATE</ItemDef_CDISC_SDSVar_Name>
    <ItemDef_Source_Code>EDC</ItemDef_Source_Code>
    <ItemDef_Comment />
    <ItemDef_DataType_Code>Date</ItemDef_DataType_Code>
    <XCItemDef_Min_Length>10</XCItemDef_Min_Length>
    <XCItemDef_Min_Precision>0</XCItemDef_Min_Precision>
    <ItemDef_Max_Length>10</ItemDef_Max_Length>
    <ItemDef_Max_Precision>0</ItemDef_Max_Precision>
    <ItemDef_BlankCodeListBit_Flag>True</ItemDef_BlankCodeListBit_Flag>
    <XCItemDef_External_ID>DISCDATE</XCItemDef_External_ID>
    <ItemDef_SASFieldLabel>Discontinuation Date</ItemDef_SASFieldLabel>
    <ItemDef_SASFieldFormatName>MMDDYY10.</ItemDef_SASFieldFormatName>
  </XCItemDef>
  <XCItemDef>
    <XCItemDef_GUID>00000e7a-0000-0000-0000-000000000000</XCItemDef_GUID>
    <ItemDef_Name>COMPDATE</ItemDef_Name>
    <XCItemDef_Domain_GUID>000001fa-0000-0000-0000-000000000000</XCItemDef_Domain_GUID>
    <ItemDef_Domain_Name>StatusForm</ItemDef_Domain_Name>
    <XCItemDef_Label>COMPDATE</XCItemDef_Label>
    <ItemDef_Order>8</ItemDef_Order>
    <ItemDef_SASField_Name>COMPDATE</ItemDef_SASField_Name>
    <ItemDef_CDISC_SDSVar_Name>COMPDATE</ItemDef_CDISC_SDSVar_Name>
    <ItemDef_Source_Code>EDC</ItemDef_Source_Code>
    <ItemDef_Comment />
    <ItemDef_DataType_Code>Date</ItemDef_DataType_Code>
    <XCItemDef_Min_Length>10</XCItemDef_Min_Length>
    <XCItemDef_Min_Precision>0</XCItemDef_Min_Precision>
    <ItemDef_Max_Length>10</ItemDef_Max_Length>
    <ItemDef_Max_Precision>0</ItemDef_Max_Precision>
    <ItemDef_BlankCodeListBit_Flag>True</ItemDef_BlankCodeListBit_Flag>
    <XCItemDef_External_ID>COMPDATE</XCItemDef_External_ID>
    <ItemDef_SASFieldLabel>Completion Date</ItemDef_SASFieldLabel>
    <ItemDef_SASFieldFormatName>MMDDYY10.</ItemDef_SASFieldFormatName>
  </XCItemDef>
  <XCRegimen>
    <XCRegimen_GUID>000000a5-0000-0000-0000-000000000000</XCRegimen_GUID>
    <XCRegimen_Name>Default</XCRegimen_Name>
    <XCRegimen_Label>Default</XCRegimen_Label>
    <XCRegimen_Order>1</XCRegimen_Order>
    <XCRegimen_Desc />
    <XCRegimen_Type>Default</XCRegimen_Type>
  </XCRegimen>
  <XCRegimenToEvent>
    <XCRegimen_GUID>000000a5-0000-0000-0000-000000000000</XCRegimen_GUID>
    <XCEvent_GUID>00000153-0000-0000-0000-000000000000</XCEvent_GUID>
    <XCRegimen_Name>Default</XCRegimen_Name>
    <Event_Name>Common</Event_Name>
    <XCInclude_Flag>true</XCInclude_Flag>
  </XCRegimenToEvent>
  <XCRegimenToEvent>
    <XCRegimen_GUID>000000a5-0000-0000-0000-000000000000</XCRegimen_GUID>
    <XCEvent_GUID>00000154-0000-0000-0000-000000000000</XCEvent_GUID>
    <XCRegimen_Name>Default</XCRegimen_Name>
    <Event_Name>Unscheduled</Event_Name>
    <XCInclude_Flag>true</XCInclude_Flag>
  </XCRegimenToEvent>
  <XCRow>
    <XCRow_GUID>00000da3-0000-0000-0000-000000000000</XCRow_GUID>
    <XCRow_Name>SCRNID</XCRow_Name>
    <XCDomain_GUID>000001fa-0000-0000-0000-000000000000</XCDomain_GUID>
    <Domain_Name>StatusForm</Domain_Name>
    <XCFormDef_GUID>000002c8-0000-0000-0000-000000000000</XCFormDef_GUID>
    <FormDef_Name>Scr</FormDef_Name>
    <XCRow_Type_Code>Single</XCRow_Type_Code>
    <XCControl_Name>TextControl</XCControl_Name>
    <XCRow_Order>1</XCRow_Order>
    <XCRow_QuestNO_Name>1</XCRow_QuestNO_Name>
    <Row_Prompt>Screen ID:</Row_Prompt>
    <XCRow_PromptHTML_Flag>False</XCRow_PromptHTML_Flag>
    <XCRow_Hidden_Flag>False</XCRow_Hidden_Flag>
    <XCRow_Required_Code>Hard</XCRow_Required_Code>
    <XCValidation_Code>Valid</XCValidation_Code>
    <XCIsVerifyOnly>false</XCIsVerifyOnly>
    <XCRow_ShortPrompt />
  </XCRow>
  <XCRow>
    <XCRow_GUID>00000da5-0000-0000-0000-000000000000</XCRow_GUID>
    <XCRow_Name>SCRNDATE</XCRow_Name>
    <XCDomain_GUID>000001fa-0000-0000-0000-000000000000</XCDomain_GUID>
    <Domain_Name>StatusForm</Domain_Name>
    <XCFormDef_GUID>000002c8-0000-0000-0000-000000000000</XCFormDef_GUID>
    <FormDef_Name>Scr</FormDef_Name>
    <XCRow_Type_Code>Single</XCRow_Type_Code>
    <XCControl_Name>DateControl</XCControl_Name>
    <XCRow_Order>2</XCRow_Order>
    <XCRow_QuestNO_Name>2</XCRow_QuestNO_Name>
    <Row_Prompt>Screen Date:</Row_Prompt>
    <XCRow_PromptHTML_Flag>False</XCRow_PromptHTML_Flag>
    <XCRow_Hidden_Flag>False</XCRow_Hidden_Flag>
    <XCRow_Required_Code>Hard</XCRow_Required_Code>
    <XCValidation_Code>Valid</XCValidation_Code>
    <XCIsVerifyOnly>false</XCIsVerifyOnly>
    <XCRow_ShortPrompt />
  </XCRow>
  <XCRow>
    <XCRow_GUID>00000da4-0000-0000-0000-000000000000</XCRow_GUID>
    <XCRow_Name>SCRNIDENT</XCRow_Name>
    <XCDomain_GUID>000001fa-0000-0000-0000-000000000000</XCDomain_GUID>
    <Domain_Name>StatusForm</Domain_Name>
    <XCFormDef_GUID>000002c8-0000-0000-0000-000000000000</XCFormDef_GUID>
    <FormDef_Name>Scr</FormDef_Name>
    <XCRow_Type_Code>Single</XCRow_Type_Code>
    <XCControl_Name>TextControl</XCControl_Name>
    <XCRow_Order>3</XCRow_Order>
    <XCRow_QuestNO_Name>3</XCRow_QuestNO_Name>
    <Row_Prompt>Patient Initials:</Row_Prompt>
    <XCRow_PromptHTML_Flag>False</XCRow_PromptHTML_Flag>
    <XCRow_Hidden_Flag>False</XCRow_Hidden_Flag>
    <XCRow_Required_Code>Hard</XCRow_Required_Code>
    <XCValidation_Code>Valid</XCValidation_Code>
    <XCIsVerifyOnly>false</XCIsVerifyOnly>
    <XCRow_ShortPrompt />
  </XCRow>
  <XCRow>
    <XCRow_GUID>00000da6-0000-0000-0000-000000000000</XCRow_GUID>
    <XCRow_Name>ENRLID</XCRow_Name>
    <XCDomain_GUID>000001fa-0000-0000-0000-000000000000</XCDomain_GUID>
    <Domain_Name>StatusForm</Domain_Name>
    <XCFormDef_GUID>000002c9-0000-0000-0000-000000000000</XCFormDef_GUID>
    <FormDef_Name>Enroll</FormDef_Name>
    <XCRow_Type_Code>Single</XCRow_Type_Code>
    <XCControl_Name>TextControl</XCControl_Name>
    <XCRow_Order>1</XCRow_Order>
    <XCRow_QuestNO_Name>1</XCRow_QuestNO_Name>
    <Row_Prompt>Enroll ID:</Row_Prompt>
    <XCRow_PromptHTML_Flag>False</XCRow_PromptHTML_Flag>
    <XCRow_Hidden_Flag>False</XCRow_Hidden_Flag>
    <XCRow_Required_Code>Hard</XCRow_Required_Code>
    <XCValidation_Code>Valid</XCValidation_Code>
    <XCIsVerifyOnly>false</XCIsVerifyOnly>
    <XCRow_ShortPrompt />
  </XCRow>
  <XCRow>
    <XCRow_GUID>00000da7-0000-0000-0000-000000000000</XCRow_GUID>
    <XCRow_Name>ENRLDATE</XCRow_Name>
    <XCDomain_GUID>000001fa-0000-0000-0000-000000000000</XCDomain_GUID>
    <Domain_Name>StatusForm</Domain_Name>
    <XCFormDef_GUID>000002c9-0000-0000-0000-000000000000</XCFormDef_GUID>
    <FormDef_Name>Enroll</FormDef_Name>
    <XCRow_Type_Code>Single</XCRow_Type_Code>
    <XCControl_Name>DateControl</XCControl_Name>
    <XCRow_Order>2</XCRow_Order>
    <XCRow_QuestNO_Name>2</XCRow_QuestNO_Name>
    <Row_Prompt>Enrolled Date:</Row_Prompt>
    <XCRow_PromptHTML_Flag>False</XCRow_PromptHTML_Flag>
    <XCRow_Hidden_Flag>False</XCRow_Hidden_Flag>
    <XCRow_Required_Code>Hard</XCRow_Required_Code>
    <XCValidation_Code>Valid</XCValidation_Code>
    <XCIsVerifyOnly>false</XCIsVerifyOnly>
    <XCRow_ShortPrompt />
  </XCRow>
  <XCRow>
    <XCRow_GUID>00000da8-0000-0000-0000-000000000000</XCRow_GUID>
    <XCRow_Name>DISCDATE</XCRow_Name>
    <XCDomain_GUID>000001fa-0000-0000-0000-000000000000</XCDomain_GUID>
    <Domain_Name>StatusForm</Domain_Name>
    <XCFormDef_GUID>000002ca-0000-0000-0000-000000000000</XCFormDef_GUID>
    <FormDef_Name>Disc</FormDef_Name>
    <XCRow_Type_Code>Single</XCRow_Type_Code>
    <XCControl_Name>DateControl</XCControl_Name>
    <XCRow_Order>1</XCRow_Order>
    <XCRow_QuestNO_Name>1</XCRow_QuestNO_Name>
    <Row_Prompt>Discontinued Date:</Row_Prompt>
    <XCRow_PromptHTML_Flag>False</XCRow_PromptHTML_Flag>
    <XCRow_Hidden_Flag>False</XCRow_Hidden_Flag>
    <XCRow_Required_Code>Hard</XCRow_Required_Code>
    <XCValidation_Code>Valid</XCValidation_Code>
    <XCIsVerifyOnly>false</XCIsVerifyOnly>
    <XCRow_ShortPrompt />
  </XCRow>
  <XCRow>
    <XCRow_GUID>00000da9-0000-0000-0000-000000000000</XCRow_GUID>
    <XCRow_Name>SCRNFAILDATE</XCRow_Name>
    <XCDomain_GUID>000001fa-0000-0000-0000-000000000000</XCDomain_GUID>
    <Domain_Name>StatusForm</Domain_Name>
    <XCFormDef_GUID>000002cb-0000-0000-0000-000000000000</XCFormDef_GUID>
    <FormDef_Name>Fail</FormDef_Name>
    <XCRow_Type_Code>Single</XCRow_Type_Code>
    <XCControl_Name>DateControl</XCControl_Name>
    <XCRow_Order>1</XCRow_Order>
    <XCRow_QuestNO_Name>1</XCRow_QuestNO_Name>
    <Row_Prompt>Failed Date:</Row_Prompt>
    <XCRow_PromptHTML_Flag>False</XCRow_PromptHTML_Flag>
    <XCRow_Hidden_Flag>False</XCRow_Hidden_Flag>
    <XCRow_Required_Code>Hard</XCRow_Required_Code>
    <XCValidation_Code>Valid</XCValidation_Code>
    <XCIsVerifyOnly>false</XCIsVerifyOnly>
    <XCRow_ShortPrompt />
  </XCRow>
  <XCRow>
    <XCRow_GUID>00000daa-0000-0000-0000-000000000000</XCRow_GUID>
    <XCRow_Name>COMPDATE</XCRow_Name>
    <XCDomain_GUID>000001fa-0000-0000-0000-000000000000</XCDomain_GUID>
    <Domain_Name>StatusForm</Domain_Name>
    <XCFormDef_GUID>000002cc-0000-0000-0000-000000000000</XCFormDef_GUID>
    <FormDef_Name>Comp</FormDef_Name>
    <XCRow_Type_Code>Single</XCRow_Type_Code>
    <XCControl_Name>DateControl</XCControl_Name>
    <XCRow_Order>1</XCRow_Order>
    <XCRow_QuestNO_Name>1</XCRow_QuestNO_Name>
    <Row_Prompt>Completed Date:</Row_Prompt>
    <XCRow_PromptHTML_Flag>False</XCRow_PromptHTML_Flag>
    <XCRow_Hidden_Flag>False</XCRow_Hidden_Flag>
    <XCRow_Required_Code>Hard</XCRow_Required_Code>
    <XCValidation_Code>Valid</XCValidation_Code>
    <XCIsVerifyOnly>false</XCIsVerifyOnly>
    <XCRow_ShortPrompt />
  </XCRow>
  <XCRowItem>
    <XCRowItem_GUID>00000da3-0000-0000-0000-0000740e0000</XCRowItem_GUID>
    <XCRowItem_Name>SCRNID</XCRowItem_Name>
    <XCRow_GUID>00000da3-0000-0000-0000-000000000000</XCRow_GUID>
    <XCRow_Name>SCRNID</XCRow_Name>
    <XCRow_Hidden_Flag>False</XCRow_Hidden_Flag>
    <XCRow_Required_Code>Hard</XCRow_Required_Code>
    <XCRow_TypeRequired_Code>None</XCRow_TypeRequired_Code>
    <XCItemDef_GUID>00000e74-0000-0000-0000-000000000000</XCItemDef_GUID>
    <ItemDef_Name>SCRNID</ItemDef_Name>
    <RowItem_Mandatory_Flag>False</RowItem_Mandatory_Flag>
    <XCKeySequence>0</XCKeySequence>
  </XCRowItem>
  <XCRowItem>
    <XCRowItem_GUID>00000da5-0000-0000-0000-0000750e0000</XCRowItem_GUID>
    <XCRowItem_Name>SCRNDATE</XCRowItem_Name>
    <XCRow_GUID>00000da5-0000-0000-0000-000000000000</XCRow_GUID>
    <XCRow_Name>SCRNDATE</XCRow_Name>
    <XCRow_Hidden_Flag>False</XCRow_Hidden_Flag>
    <XCRow_Required_Code>Hard</XCRow_Required_Code>
    <XCRow_TypeRequired_Code>Hard</XCRow_TypeRequired_Code>
    <XCItemDef_GUID>00000e75-0000-0000-0000-000000000000</XCItemDef_GUID>
    <ItemDef_Name>SCRNDATE</ItemDef_Name>
    <RowItem_Mandatory_Flag>False</RowItem_Mandatory_Flag>
    <XCKeySequence>0</XCKeySequence>
  </XCRowItem>
  <XCRowItem>
    <XCRowItem_GUID>00000da4-0000-0000-0000-0000730e0000</XCRowItem_GUID>
    <XCRowItem_Name>SCRNIDENT</XCRowItem_Name>
    <XCRow_GUID>00000da4-0000-0000-0000-000000000000</XCRow_GUID>
    <XCRow_Name>SCRNIDENT</XCRow_Name>
    <XCRow_Hidden_Flag>False</XCRow_Hidden_Flag>
    <XCRow_Required_Code>Hard</XCRow_Required_Code>
    <XCRow_TypeRequired_Code>None</XCRow_TypeRequired_Code>
    <XCItemDef_GUID>00000e73-0000-0000-0000-000000000000</XCItemDef_GUID>
    <ItemDef_Name>SCRNIDENT</ItemDef_Name>
    <RowItem_Mandatory_Flag>False</RowItem_Mandatory_Flag>
    <XCKeySequence>0</XCKeySequence>
  </XCRowItem>
  <XCRowItem>
    <XCRowItem_GUID>00000da6-0000-0000-0000-0000760e0000</XCRowItem_GUID>
    <XCRowItem_Name>ENRLID</XCRowItem_Name>
    <XCRow_GUID>00000da6-0000-0000-0000-000000000000</XCRow_GUID>
    <XCRow_Name>ENRLID</XCRow_Name>
    <XCRow_Hidden_Flag>False</XCRow_Hidden_Flag>
    <XCRow_Required_Code>Hard</XCRow_Required_Code>
    <XCRow_TypeRequired_Code>None</XCRow_TypeRequired_Code>
    <XCItemDef_GUID>00000e76-0000-0000-0000-000000000000</XCItemDef_GUID>
    <ItemDef_Name>ENRLID</ItemDef_Name>
    <RowItem_Mandatory_Flag>False</RowItem_Mandatory_Flag>
    <XCKeySequence>0</XCKeySequence>
  </XCRowItem>
  <XCRowItem>
    <XCRowItem_GUID>00000da7-0000-0000-0000-0000770e0000</XCRowItem_GUID>
    <XCRowItem_Name>ENRLDATE</XCRowItem_Name>
    <XCRow_GUID>00000da7-0000-0000-0000-000000000000</XCRow_GUID>
    <XCRow_Name>ENRLDATE</XCRow_Name>
    <XCRow_Hidden_Flag>False</XCRow_Hidden_Flag>
    <XCRow_Required_Code>Hard</XCRow_Required_Code>
    <XCRow_TypeRequired_Code>Hard</XCRow_TypeRequired_Code>
    <XCItemDef_GUID>00000e77-0000-0000-0000-000000000000</XCItemDef_GUID>
    <ItemDef_Name>ENRLDATE</ItemDef_Name>
    <RowItem_Mandatory_Flag>False</RowItem_Mandatory_Flag>
    <XCKeySequence>0</XCKeySequence>
  </XCRowItem>
  <XCRowItem>
    <XCRowItem_GUID>00000da8-0000-0000-0000-0000790e0000</XCRowItem_GUID>
    <XCRowItem_Name>DISCDATE</XCRowItem_Name>
    <XCRow_GUID>00000da8-0000-0000-0000-000000000000</XCRow_GUID>
    <XCRow_Name>DISCDATE</XCRow_Name>
    <XCRow_Hidden_Flag>False</XCRow_Hidden_Flag>
    <XCRow_Required_Code>Hard</XCRow_Required_Code>
    <XCRow_TypeRequired_Code>Hard</XCRow_TypeRequired_Code>
    <XCItemDef_GUID>00000e79-0000-0000-0000-000000000000</XCItemDef_GUID>
    <ItemDef_Name>DISCDATE</ItemDef_Name>
    <RowItem_Mandatory_Flag>False</RowItem_Mandatory_Flag>
    <XCKeySequence>0</XCKeySequence>
  </XCRowItem>
  <XCRowItem>
    <XCRowItem_GUID>00000da9-0000-0000-0000-0000780e0000</XCRowItem_GUID>
    <XCRowItem_Name>SCRNFAILDATE</XCRowItem_Name>
    <XCRow_GUID>00000da9-0000-0000-0000-000000000000</XCRow_GUID>
    <XCRow_Name>SCRNFAILDATE</XCRow_Name>
    <XCRow_Hidden_Flag>False</XCRow_Hidden_Flag>
    <XCRow_Required_Code>Hard</XCRow_Required_Code>
    <XCRow_TypeRequired_Code>Hard</XCRow_TypeRequired_Code>
    <XCItemDef_GUID>00000e78-0000-0000-0000-000000000000</XCItemDef_GUID>
    <ItemDef_Name>SCRNFAILDATE</ItemDef_Name>
    <RowItem_Mandatory_Flag>False</RowItem_Mandatory_Flag>
    <XCKeySequence>0</XCKeySequence>
  </XCRowItem>
  <XCRowItem>
    <XCRowItem_GUID>00000daa-0000-0000-0000-00007a0e0000</XCRowItem_GUID>
    <XCRowItem_Name>COMPDATE</XCRowItem_Name>
    <XCRow_GUID>00000daa-0000-0000-0000-000000000000</XCRow_GUID>
    <XCRow_Name>COMPDATE</XCRow_Name>
    <XCRow_Hidden_Flag>False</XCRow_Hidden_Flag>
    <XCRow_Required_Code>Hard</XCRow_Required_Code>
    <XCRow_TypeRequired_Code>Hard</XCRow_TypeRequired_Code>
    <XCItemDef_GUID>00000e7a-0000-0000-0000-000000000000</XCItemDef_GUID>
    <ItemDef_Name>COMPDATE</ItemDef_Name>
    <RowItem_Mandatory_Flag>False</RowItem_Mandatory_Flag>
    <XCKeySequence>0</XCKeySequence>
  </XCRowItem>
  <XCScriptParm>
    <XCScriptParm_GUID>a367ae9c-d4b5-4d1e-86e9-e552281d6020</XCScriptParm_GUID>
    <XCScriptParm_Label>Required_DataValue</XCScriptParm_Label>
    <XCScriptParm_Reference_Text>Data.*.Scr.SCRNID.SCRNID.Value</XCScriptParm_Reference_Text>
    <XCScriptParm_Order>1</XCScriptParm_Order>
    <XCScript_GUID>00001af4-0000-0000-0000-000000000000</XCScript_GUID>
    <XCScript_Name>Scr_SCRNID_Required</XCScript_Name>
  </XCScriptParm>
  <XCScriptParm>
    <XCScriptParm_GUID>ca543dfe-de9c-4735-a35b-b70235aa74b5</XCScriptParm_GUID>
    <XCScriptParm_Label>Required_DataValue</XCScriptParm_Label>
    <XCScriptParm_Reference_Text>Data.*.Scr.SCRNDATE.SCRNDATE.Value</XCScriptParm_Reference_Text>
    <XCScriptParm_Order>1</XCScriptParm_Order>
    <XCScript_GUID>00001af6-0000-0000-0000-000000000000</XCScript_GUID>
    <XCScript_Name>Scr_SCRNDATE_Required</XCScript_Name>
  </XCScriptParm>
  <XCScriptParm>
    <XCScriptParm_GUID>a8cc85ae-a000-4425-af0c-9972bf945fd3</XCScriptParm_GUID>
    <XCScriptParm_Label>DataType_DataValue</XCScriptParm_Label>
    <XCScriptParm_Reference_Text>Data.*.Scr.SCRNDATE.SCRNDATE.Value</XCScriptParm_Reference_Text>
    <XCScriptParm_Order>1</XCScriptParm_Order>
    <XCScript_GUID>00001af7-0000-0000-0000-000000000000</XCScript_GUID>
    <XCScript_Name>Scr_SCRNDATE_DataType</XCScript_Name>
  </XCScriptParm>
  <XCScriptParm>
    <XCScriptParm_GUID>c9ed9704-5f4c-40a8-aeca-2df6932b3d70</XCScriptParm_GUID>
    <XCScriptParm_Label>DataType_DataType</XCScriptParm_Label>
    <XCScriptParm_Reference_Text>Data.*.Scr.SCRNDATE.SCRNDATE.DataType</XCScriptParm_Reference_Text>
    <XCScriptParm_Order>2</XCScriptParm_Order>
    <XCScript_GUID>00001af7-0000-0000-0000-000000000000</XCScript_GUID>
    <XCScript_Name>Scr_SCRNDATE_DataType</XCScript_Name>
  </XCScriptParm>
  <XCScriptParm>
    <XCScriptParm_GUID>469c5861-c640-4015-8891-a587167d89ed</XCScriptParm_GUID>
    <XCScriptParm_Label>Required_DataValue</XCScriptParm_Label>
    <XCScriptParm_Reference_Text>Data.*.Enroll.ENRLID.ENRLID.Value</XCScriptParm_Reference_Text>
    <XCScriptParm_Order>1</XCScriptParm_Order>
    <XCScript_GUID>00001af8-0000-0000-0000-000000000000</XCScript_GUID>
    <XCScript_Name>Enroll_ENRLID_Required</XCScript_Name>
  </XCScriptParm>
  <XCScriptParm>
    <XCScriptParm_GUID>15d70196-2cfa-4c43-909b-4bdea6613528</XCScriptParm_GUID>
    <XCScriptParm_Label>Required_DataValue</XCScriptParm_Label>
    <XCScriptParm_Reference_Text>Data.*.Enroll.ENRLDATE.ENRLDATE.Value</XCScriptParm_Reference_Text>
    <XCScriptParm_Order>1</XCScriptParm_Order>
    <XCScript_GUID>00001af9-0000-0000-0000-000000000000</XCScript_GUID>
    <XCScript_Name>Enroll_ENRLDATE_Required</XCScript_Name>
  </XCScriptParm>
  <XCScriptParm>
    <XCScriptParm_GUID>242010e1-0b8b-4fdd-b6b0-5a133b95929a</XCScriptParm_GUID>
    <XCScriptParm_Label>DataType_DataValue</XCScriptParm_Label>
    <XCScriptParm_Reference_Text>Data.*.Enroll.ENRLDATE.ENRLDATE.Value</XCScriptParm_Reference_Text>
    <XCScriptParm_Order>1</XCScriptParm_Order>
    <XCScript_GUID>00001afa-0000-0000-0000-000000000000</XCScript_GUID>
    <XCScript_Name>Enroll_ENRLDATE_DataType</XCScript_Name>
  </XCScriptParm>
  <XCScriptParm>
    <XCScriptParm_GUID>fd667cfd-1553-4e75-9adf-16dc9872c577</XCScriptParm_GUID>
    <XCScriptParm_Label>DataType_DataType</XCScriptParm_Label>
    <XCScriptParm_Reference_Text>Data.*.Enroll.ENRLDATE.ENRLDATE.DataType</XCScriptParm_Reference_Text>
    <XCScriptParm_Order>2</XCScriptParm_Order>
    <XCScript_GUID>00001afa-0000-0000-0000-000000000000</XCScript_GUID>
    <XCScript_Name>Enroll_ENRLDATE_DataType</XCScript_Name>
  </XCScriptParm>
  <XCScriptParm>
    <XCScriptParm_GUID>af253eca-7977-449a-be2a-4a6196106708</XCScriptParm_GUID>
    <XCScriptParm_Label>Required_DataValue</XCScriptParm_Label>
    <XCScriptParm_Reference_Text>Data.*.Disc.DISCDATE.DISCDATE.Value</XCScriptParm_Reference_Text>
    <XCScriptParm_Order>1</XCScriptParm_Order>
    <XCScript_GUID>00001afb-0000-0000-0000-000000000000</XCScript_GUID>
    <XCScript_Name>Disc_DISCDATE_Required</XCScript_Name>
  </XCScriptParm>
  <XCScriptParm>
    <XCScriptParm_GUID>ca089750-daca-4729-991d-762e89662d39</XCScriptParm_GUID>
    <XCScriptParm_Label>DataType_DataValue</XCScriptParm_Label>
    <XCScriptParm_Reference_Text>Data.*.Disc.DISCDATE.DISCDATE.Value</XCScriptParm_Reference_Text>
    <XCScriptParm_Order>1</XCScriptParm_Order>
    <XCScript_GUID>00001afc-0000-0000-0000-000000000000</XCScript_GUID>
    <XCScript_Name>Disc_DISCDATE_DataType</XCScript_Name>
  </XCScriptParm>
  <XCScriptParm>
    <XCScriptParm_GUID>d1bd7bc3-cd69-4067-8cff-02f41b684def</XCScriptParm_GUID>
    <XCScriptParm_Label>DataType_DataType</XCScriptParm_Label>
    <XCScriptParm_Reference_Text>Data.*.Disc.DISCDATE.DISCDATE.DataType</XCScriptParm_Reference_Text>
    <XCScriptParm_Order>2</XCScriptParm_Order>
    <XCScript_GUID>00001afc-0000-0000-0000-000000000000</XCScript_GUID>
    <XCScript_Name>Disc_DISCDATE_DataType</XCScript_Name>
  </XCScriptParm>
  <XCScriptParm>
    <XCScriptParm_GUID>3259ceff-0ce8-4965-9830-fb92f8a53ad9</XCScriptParm_GUID>
    <XCScriptParm_Label>Required_DataValue</XCScriptParm_Label>
    <XCScriptParm_Reference_Text>Data.*.Fail.SCRNFAILDATE.SCRNFAILDATE.Value</XCScriptParm_Reference_Text>
    <XCScriptParm_Order>1</XCScriptParm_Order>
    <XCScript_GUID>00001afd-0000-0000-0000-000000000000</XCScript_GUID>
    <XCScript_Name>Fail_SCRNFAILDATE_Required</XCScript_Name>
  </XCScriptParm>
  <XCScriptParm>
    <XCScriptParm_GUID>5000f2c9-30b6-4d4f-8f81-00947b4b0a5d</XCScriptParm_GUID>
    <XCScriptParm_Label>DataType_DataValue</XCScriptParm_Label>
    <XCScriptParm_Reference_Text>Data.*.Fail.SCRNFAILDATE.SCRNFAILDATE.Value</XCScriptParm_Reference_Text>
    <XCScriptParm_Order>1</XCScriptParm_Order>
    <XCScript_GUID>00001afe-0000-0000-0000-000000000000</XCScript_GUID>
    <XCScript_Name>Fail_SCRNFAILDATE_DataType</XCScript_Name>
  </XCScriptParm>
  <XCScriptParm>
    <XCScriptParm_GUID>581fae57-b615-48a2-8297-536b98382a28</XCScriptParm_GUID>
    <XCScriptParm_Label>DataType_DataType</XCScriptParm_Label>
    <XCScriptParm_Reference_Text>Data.*.Fail.SCRNFAILDATE.SCRNFAILDATE.DataType</XCScriptParm_Reference_Text>
    <XCScriptParm_Order>2</XCScriptParm_Order>
    <XCScript_GUID>00001afe-0000-0000-0000-000000000000</XCScript_GUID>
    <XCScript_Name>Fail_SCRNFAILDATE_DataType</XCScript_Name>
  </XCScriptParm>
  <XCScriptParm>
    <XCScriptParm_GUID>06672dab-2639-4cf5-93ff-0fddb5fcc49e</XCScriptParm_GUID>
    <XCScriptParm_Label>Required_DataValue</XCScriptParm_Label>
    <XCScriptParm_Reference_Text>Data.*.Comp.COMPDATE.COMPDATE.Value</XCScriptParm_Reference_Text>
    <XCScriptParm_Order>1</XCScriptParm_Order>
    <XCScript_GUID>00001aff-0000-0000-0000-000000000000</XCScript_GUID>
    <XCScript_Name>Comp_COMPDATE_Required</XCScript_Name>
  </XCScriptParm>
  <XCScriptParm>
    <XCScriptParm_GUID>d28bce41-5d2c-46c2-ac9c-1ca4649dd377</XCScriptParm_GUID>
    <XCScriptParm_Label>DataType_DataValue</XCScriptParm_Label>
    <XCScriptParm_Reference_Text>Data.*.Comp.COMPDATE.COMPDATE.Value</XCScriptParm_Reference_Text>
    <XCScriptParm_Order>1</XCScriptParm_Order>
    <XCScript_GUID>00001b00-0000-0000-0000-000000000000</XCScript_GUID>
    <XCScript_Name>Comp_COMPDATE_DataType</XCScript_Name>
  </XCScriptParm>
  <XCScriptParm>
    <XCScriptParm_GUID>61aef8ef-625a-4c7b-a693-fda56e1bf0af</XCScriptParm_GUID>
    <XCScriptParm_Label>DataType_DataType</XCScriptParm_Label>
    <XCScriptParm_Reference_Text>Data.*.Comp.COMPDATE.COMPDATE.DataType</XCScriptParm_Reference_Text>
    <XCScriptParm_Order>2</XCScriptParm_Order>
    <XCScript_GUID>00001b00-0000-0000-0000-000000000000</XCScript_GUID>
    <XCScript_Name>Comp_COMPDATE_DataType</XCScript_Name>
  </XCScriptParm>
  <XCScriptParm>
    <XCScriptParm_GUID>000002a6-0000-0000-0000-000000000000</XCScriptParm_GUID>
    <XCScriptParm_Label>ScrnID</XCScriptParm_Label>
    <XCScriptParm_Reference_Text>Data.Common.Scr.SCRNID.SCRNID.Value</XCScriptParm_Reference_Text>
    <XCScriptParm_Order>10</XCScriptParm_Order>
    <XCScript_GUID>00001b01-0000-0000-0000-000000000000</XCScript_GUID>
    <XCScript_Name>D_InheritFromScrnID</XCScript_Name>
  </XCScriptParm>
  <XCScriptToUDFUse>
    <XCScriptToUDFUse_GUID>dae2f1a4-62f8-4e77-99f4-3e4b33c6845e</XCScriptToUDFUse_GUID>
    <XCScriptToUDFUse_Name>Scr_SCRNID_RequiredLevel0RequiredNotValid</XCScriptToUDFUse_Name>
    <XCScript_GUID>00001af4-0000-0000-0000-000000000000</XCScript_GUID>
    <XCScript_Name>Scr_SCRNID_Required</XCScript_Name>
    <XCScript_UDF_GUID>00001aeb-0000-0000-0000-000000000000</XCScript_UDF_GUID>
    <XCScript_UDF_Name>Level0RequiredNotValid</XCScript_UDF_Name>
  </XCScriptToUDFUse>
  <XCScriptToUDFUse>
    <XCScriptToUDFUse_GUID>c99f119f-1c1e-4cde-b0da-6aee72100d90</XCScriptToUDFUse_GUID>
    <XCScriptToUDFUse_Name>Scr_SCRNDATE_RequiredLevel0RequiredNotValid</XCScriptToUDFUse_Name>
    <XCScript_GUID>00001af6-0000-0000-0000-000000000000</XCScript_GUID>
    <XCScript_Name>Scr_SCRNDATE_Required</XCScript_Name>
    <XCScript_UDF_GUID>00001aeb-0000-0000-0000-000000000000</XCScript_UDF_GUID>
    <XCScript_UDF_Name>Level0RequiredNotValid</XCScript_UDF_Name>
  </XCScriptToUDFUse>
  <XCScriptToUDFUse>
    <XCScriptToUDFUse_GUID>3700663d-5835-471f-8b80-189cbe9f0d32</XCScriptToUDFUse_GUID>
    <XCScriptToUDFUse_Name>Scr_SCRNDATE_DataTypeLevel1DataTypeNotValid</XCScriptToUDFUse_Name>
    <XCScript_GUID>00001af7-0000-0000-0000-000000000000</XCScript_GUID>
    <XCScript_Name>Scr_SCRNDATE_DataType</XCScript_Name>
    <XCScript_UDF_GUID>00001aec-0000-0000-0000-000000000000</XCScript_UDF_GUID>
    <XCScript_UDF_Name>Level1DataTypeNotValid</XCScript_UDF_Name>
  </XCScriptToUDFUse>
  <XCScriptToUDFUse>
    <XCScriptToUDFUse_GUID>d50300c3-0d08-4aa6-a919-c24f629039ab</XCScriptToUDFUse_GUID>
    <XCScriptToUDFUse_Name>Enroll_ENRLID_RequiredLevel0RequiredNotValid</XCScriptToUDFUse_Name>
    <XCScript_GUID>00001af8-0000-0000-0000-000000000000</XCScript_GUID>
    <XCScript_Name>Enroll_ENRLID_Required</XCScript_Name>
    <XCScript_UDF_GUID>00001aeb-0000-0000-0000-000000000000</XCScript_UDF_GUID>
    <XCScript_UDF_Name>Level0RequiredNotValid</XCScript_UDF_Name>
  </XCScriptToUDFUse>
  <XCScriptToUDFUse>
    <XCScriptToUDFUse_GUID>98c72a9b-fcb9-44e9-98da-5c537bddefa8</XCScriptToUDFUse_GUID>
    <XCScriptToUDFUse_Name>Enroll_ENRLDATE_RequiredLevel0RequiredNotValid</XCScriptToUDFUse_Name>
    <XCScript_GUID>00001af9-0000-0000-0000-000000000000</XCScript_GUID>
    <XCScript_Name>Enroll_ENRLDATE_Required</XCScript_Name>
    <XCScript_UDF_GUID>00001aeb-0000-0000-0000-000000000000</XCScript_UDF_GUID>
    <XCScript_UDF_Name>Level0RequiredNotValid</XCScript_UDF_Name>
  </XCScriptToUDFUse>
  <XCScriptToUDFUse>
    <XCScriptToUDFUse_GUID>cd6fc441-f23b-415e-9e20-3dcf8ef6a61d</XCScriptToUDFUse_GUID>
    <XCScriptToUDFUse_Name>Enroll_ENRLDATE_DataTypeLevel1DataTypeNotValid</XCScriptToUDFUse_Name>
    <XCScript_GUID>00001afa-0000-0000-0000-000000000000</XCScript_GUID>
    <XCScript_Name>Enroll_ENRLDATE_DataType</XCScript_Name>
    <XCScript_UDF_GUID>00001aec-0000-0000-0000-000000000000</XCScript_UDF_GUID>
    <XCScript_UDF_Name>Level1DataTypeNotValid</XCScript_UDF_Name>
  </XCScriptToUDFUse>
  <XCScriptToUDFUse>
    <XCScriptToUDFUse_GUID>b6be61f7-f762-43ff-a1ed-5543539eca73</XCScriptToUDFUse_GUID>
    <XCScriptToUDFUse_Name>Disc_DISCDATE_RequiredLevel0RequiredNotValid</XCScriptToUDFUse_Name>
    <XCScript_GUID>00001afb-0000-0000-0000-000000000000</XCScript_GUID>
    <XCScript_Name>Disc_DISCDATE_Required</XCScript_Name>
    <XCScript_UDF_GUID>00001aeb-0000-0000-0000-000000000000</XCScript_UDF_GUID>
    <XCScript_UDF_Name>Level0RequiredNotValid</XCScript_UDF_Name>
  </XCScriptToUDFUse>
  <XCScriptToUDFUse>
    <XCScriptToUDFUse_GUID>4b3baa18-1284-42c2-85f2-5e0c4d8b06e7</XCScriptToUDFUse_GUID>
    <XCScriptToUDFUse_Name>Disc_DISCDATE_DataTypeLevel1DataTypeNotValid</XCScriptToUDFUse_Name>
    <XCScript_GUID>00001afc-0000-0000-0000-000000000000</XCScript_GUID>
    <XCScript_Name>Disc_DISCDATE_DataType</XCScript_Name>
    <XCScript_UDF_GUID>00001aec-0000-0000-0000-000000000000</XCScript_UDF_GUID>
    <XCScript_UDF_Name>Level1DataTypeNotValid</XCScript_UDF_Name>
  </XCScriptToUDFUse>
  <XCScriptToUDFUse>
    <XCScriptToUDFUse_GUID>f1718d73-87e4-4361-bbe9-aee17e9df85e</XCScriptToUDFUse_GUID>
    <XCScriptToUDFUse_Name>Fail_SCRNFAILDATE_RequiredLevel0RequiredNotValid</XCScriptToUDFUse_Name>
    <XCScript_GUID>00001afd-0000-0000-0000-000000000000</XCScript_GUID>
    <XCScript_Name>Fail_SCRNFAILDATE_Required</XCScript_Name>
    <XCScript_UDF_GUID>00001aeb-0000-0000-0000-000000000000</XCScript_UDF_GUID>
    <XCScript_UDF_Name>Level0RequiredNotValid</XCScript_UDF_Name>
  </XCScriptToUDFUse>
  <XCScriptToUDFUse>
    <XCScriptToUDFUse_GUID>7cbf7aa4-c868-43f0-88ef-da234b8381bf</XCScriptToUDFUse_GUID>
    <XCScriptToUDFUse_Name>Fail_SCRNFAILDATE_DataTypeLevel1DataTypeNotValid</XCScriptToUDFUse_Name>
    <XCScript_GUID>00001afe-0000-0000-0000-000000000000</XCScript_GUID>
    <XCScript_Name>Fail_SCRNFAILDATE_DataType</XCScript_Name>
    <XCScript_UDF_GUID>00001aec-0000-0000-0000-000000000000</XCScript_UDF_GUID>
    <XCScript_UDF_Name>Level1DataTypeNotValid</XCScript_UDF_Name>
  </XCScriptToUDFUse>
  <XCScriptToUDFUse>
    <XCScriptToUDFUse_GUID>4c946db5-000e-42f3-91c5-705d79035c65</XCScriptToUDFUse_GUID>
    <XCScriptToUDFUse_Name>Comp_COMPDATE_RequiredLevel0RequiredNotValid</XCScriptToUDFUse_Name>
    <XCScript_GUID>00001aff-0000-0000-0000-000000000000</XCScript_GUID>
    <XCScript_Name>Comp_COMPDATE_Required</XCScript_Name>
    <XCScript_UDF_GUID>00001aeb-0000-0000-0000-000000000000</XCScript_UDF_GUID>
    <XCScript_UDF_Name>Level0RequiredNotValid</XCScript_UDF_Name>
  </XCScriptToUDFUse>
  <XCScriptToUDFUse>
    <XCScriptToUDFUse_GUID>c2a872ec-27bc-4433-98fe-db2bf19e89dc</XCScriptToUDFUse_GUID>
    <XCScriptToUDFUse_Name>Comp_COMPDATE_DataTypeLevel1DataTypeNotValid</XCScriptToUDFUse_Name>
    <XCScript_GUID>00001b00-0000-0000-0000-000000000000</XCScript_GUID>
    <XCScript_Name>Comp_COMPDATE_DataType</XCScript_Name>
    <XCScript_UDF_GUID>00001aec-0000-0000-0000-000000000000</XCScript_UDF_GUID>
    <XCScript_UDF_Name>Level1DataTypeNotValid</XCScript_UDF_Name>
  </XCScriptToUDFUse>
  <XCQuery>
    <XCQuery_GUID>00001af4-0000-0000-0000-000000000000</XCQuery_GUID>
    <XCQuery_Name>Scr_SCRNID_Required</XCQuery_Name>
    <XCQuery_Desc>Screen ID: is missing.</XCQuery_Desc>
    <XCQuery_ActionReq>N/A</XCQuery_ActionReq>
    <XCQuery_Type_Code>Required</XCQuery_Type_Code>
    <XCQuery_Level>0</XCQuery_Level>
    <XCQuery_Output_Code>DCF</XCQuery_Output_Code>
    <XCQuery_DCFStartStatus_Code>Sent</XCQuery_DCFStartStatus_Code>
    <XCQuery_WarnUser_Flag>True</XCQuery_WarnUser_Flag>
    <XCQuery_Design_ID>1</XCQuery_Design_ID>
    <XCQuery_Active_Flag>True</XCQuery_Active_Flag>
    <XCRowItem_GUID>00000da3-0000-0000-0000-0000740e0000</XCRowItem_GUID>
    <XCRowItem_Name>SCRNID</XCRowItem_Name>
    <XCQuery_Enforce_Flag>True</XCQuery_Enforce_Flag>
  </XCQuery>
  <XCQuery>
    <XCQuery_GUID>00001af6-0000-0000-0000-000000000000</XCQuery_GUID>
    <XCQuery_Name>Scr_SCRNDATE_Required</XCQuery_Name>
    <XCQuery_Desc>Screen Date: is missing.</XCQuery_Desc>
    <XCQuery_ActionReq>N/A</XCQuery_ActionReq>
    <XCQuery_Type_Code>Required</XCQuery_Type_Code>
    <XCQuery_Level>0</XCQuery_Level>
    <XCQuery_Output_Code>DCF</XCQuery_Output_Code>
    <XCQuery_DCFStartStatus_Code>Sent</XCQuery_DCFStartStatus_Code>
    <XCQuery_WarnUser_Flag>True</XCQuery_WarnUser_Flag>
    <XCQuery_Design_ID>2</XCQuery_Design_ID>
    <XCQuery_Active_Flag>True</XCQuery_Active_Flag>
    <XCRowItem_GUID>00000da5-0000-0000-0000-0000750e0000</XCRowItem_GUID>
    <XCRowItem_Name>SCRNDATE</XCRowItem_Name>
    <XCQuery_Enforce_Flag>True</XCQuery_Enforce_Flag>
  </XCQuery>
  <XCQuery>
    <XCQuery_GUID>00001af7-0000-0000-0000-000000000000</XCQuery_GUID>
    <XCQuery_Name>Scr_SCRNDATE_DataType</XCQuery_Name>
    <XCQuery_Desc>Field does not contain a valid Date.</XCQuery_Desc>
    <XCQuery_ActionReq>N/A</XCQuery_ActionReq>
    <XCQuery_Type_Code>DataType</XCQuery_Type_Code>
    <XCQuery_Level>1</XCQuery_Level>
    <XCQuery_Output_Code>DCF</XCQuery_Output_Code>
    <XCQuery_DCFStartStatus_Code>Sent</XCQuery_DCFStartStatus_Code>
    <XCQuery_WarnUser_Flag>True</XCQuery_WarnUser_Flag>
    <XCQuery_Design_ID>3</XCQuery_Design_ID>
    <XCQuery_Active_Flag>True</XCQuery_Active_Flag>
    <XCRowItem_GUID>00000da5-0000-0000-0000-0000750e0000</XCRowItem_GUID>
    <XCRowItem_Name>SCRNDATE</XCRowItem_Name>
    <XCQuery_Enforce_Flag>True</XCQuery_Enforce_Flag>
  </XCQuery>
  <XCQuery>
    <XCQuery_GUID>00001af8-0000-0000-0000-000000000000</XCQuery_GUID>
    <XCQuery_Name>Enroll_ENRLID_Required</XCQuery_Name>
    <XCQuery_Desc>Enroll ID: is missing.</XCQuery_Desc>
    <XCQuery_ActionReq>N/A</XCQuery_ActionReq>
    <XCQuery_Type_Code>Required</XCQuery_Type_Code>
    <XCQuery_Level>0</XCQuery_Level>
    <XCQuery_Output_Code>DCF</XCQuery_Output_Code>
    <XCQuery_DCFStartStatus_Code>Sent</XCQuery_DCFStartStatus_Code>
    <XCQuery_WarnUser_Flag>True</XCQuery_WarnUser_Flag>
    <XCQuery_Design_ID>4</XCQuery_Design_ID>
    <XCQuery_Active_Flag>True</XCQuery_Active_Flag>
    <XCRowItem_GUID>00000da6-0000-0000-0000-0000760e0000</XCRowItem_GUID>
    <XCRowItem_Name>ENRLID</XCRowItem_Name>
    <XCQuery_Enforce_Flag>True</XCQuery_Enforce_Flag>
  </XCQuery>
  <XCQuery>
    <XCQuery_GUID>00001af9-0000-0000-0000-000000000000</XCQuery_GUID>
    <XCQuery_Name>Enroll_ENRLDATE_Required</XCQuery_Name>
    <XCQuery_Desc>Enrolled Date: is missing.</XCQuery_Desc>
    <XCQuery_ActionReq>N/A</XCQuery_ActionReq>
    <XCQuery_Type_Code>Required</XCQuery_Type_Code>
    <XCQuery_Level>0</XCQuery_Level>
    <XCQuery_Output_Code>DCF</XCQuery_Output_Code>
    <XCQuery_DCFStartStatus_Code>Sent</XCQuery_DCFStartStatus_Code>
    <XCQuery_WarnUser_Flag>True</XCQuery_WarnUser_Flag>
    <XCQuery_Design_ID>5</XCQuery_Design_ID>
    <XCQuery_Active_Flag>True</XCQuery_Active_Flag>
    <XCRowItem_GUID>00000da7-0000-0000-0000-0000770e0000</XCRowItem_GUID>
    <XCRowItem_Name>ENRLDATE</XCRowItem_Name>
    <XCQuery_Enforce_Flag>True</XCQuery_Enforce_Flag>
  </XCQuery>
  <XCQuery>
    <XCQuery_GUID>00001afa-0000-0000-0000-000000000000</XCQuery_GUID>
    <XCQuery_Name>Enroll_ENRLDATE_DataType</XCQuery_Name>
    <XCQuery_Desc>Field does not contain a valid Date.</XCQuery_Desc>
    <XCQuery_ActionReq>N/A</XCQuery_ActionReq>
    <XCQuery_Type_Code>DataType</XCQuery_Type_Code>
    <XCQuery_Level>1</XCQuery_Level>
    <XCQuery_Output_Code>DCF</XCQuery_Output_Code>
    <XCQuery_DCFStartStatus_Code>Sent</XCQuery_DCFStartStatus_Code>
    <XCQuery_WarnUser_Flag>True</XCQuery_WarnUser_Flag>
    <XCQuery_Design_ID>6</XCQuery_Design_ID>
    <XCQuery_Active_Flag>True</XCQuery_Active_Flag>
    <XCRowItem_GUID>00000da7-0000-0000-0000-0000770e0000</XCRowItem_GUID>
    <XCRowItem_Name>ENRLDATE</XCRowItem_Name>
    <XCQuery_Enforce_Flag>True</XCQuery_Enforce_Flag>
  </XCQuery>
  <XCQuery>
    <XCQuery_GUID>00001afb-0000-0000-0000-000000000000</XCQuery_GUID>
    <XCQuery_Name>Disc_DISCDATE_Required</XCQuery_Name>
    <XCQuery_Desc>Discontinued Date: is missing.</XCQuery_Desc>
    <XCQuery_ActionReq>N/A</XCQuery_ActionReq>
    <XCQuery_Type_Code>Required</XCQuery_Type_Code>
    <XCQuery_Level>0</XCQuery_Level>
    <XCQuery_Output_Code>DCF</XCQuery_Output_Code>
    <XCQuery_DCFStartStatus_Code>Sent</XCQuery_DCFStartStatus_Code>
    <XCQuery_WarnUser_Flag>True</XCQuery_WarnUser_Flag>
    <XCQuery_Design_ID>7</XCQuery_Design_ID>
    <XCQuery_Active_Flag>True</XCQuery_Active_Flag>
    <XCRowItem_GUID>00000da8-0000-0000-0000-0000790e0000</XCRowItem_GUID>
    <XCRowItem_Name>DISCDATE</XCRowItem_Name>
    <XCQuery_Enforce_Flag>True</XCQuery_Enforce_Flag>
  </XCQuery>
  <XCQuery>
    <XCQuery_GUID>00001afc-0000-0000-0000-000000000000</XCQuery_GUID>
    <XCQuery_Name>Disc_DISCDATE_DataType</XCQuery_Name>
    <XCQuery_Desc>Field does not contain a valid Date.</XCQuery_Desc>
    <XCQuery_ActionReq>N/A</XCQuery_ActionReq>
    <XCQuery_Type_Code>DataType</XCQuery_Type_Code>
    <XCQuery_Level>1</XCQuery_Level>
    <XCQuery_Output_Code>DCF</XCQuery_Output_Code>
    <XCQuery_DCFStartStatus_Code>Sent</XCQuery_DCFStartStatus_Code>
    <XCQuery_WarnUser_Flag>True</XCQuery_WarnUser_Flag>
    <XCQuery_Design_ID>8</XCQuery_Design_ID>
    <XCQuery_Active_Flag>True</XCQuery_Active_Flag>
    <XCRowItem_GUID>00000da8-0000-0000-0000-0000790e0000</XCRowItem_GUID>
    <XCRowItem_Name>DISCDATE</XCRowItem_Name>
    <XCQuery_Enforce_Flag>True</XCQuery_Enforce_Flag>
  </XCQuery>
  <XCQuery>
    <XCQuery_GUID>00001afd-0000-0000-0000-000000000000</XCQuery_GUID>
    <XCQuery_Name>Fail_SCRNFAILDATE_Required</XCQuery_Name>
    <XCQuery_Desc>Failed Date: is missing.</XCQuery_Desc>
    <XCQuery_ActionReq>N/A</XCQuery_ActionReq>
    <XCQuery_Type_Code>Required</XCQuery_Type_Code>
    <XCQuery_Level>0</XCQuery_Level>
    <XCQuery_Output_Code>DCF</XCQuery_Output_Code>
    <XCQuery_DCFStartStatus_Code>Sent</XCQuery_DCFStartStatus_Code>
    <XCQuery_WarnUser_Flag>True</XCQuery_WarnUser_Flag>
    <XCQuery_Design_ID>9</XCQuery_Design_ID>
    <XCQuery_Active_Flag>True</XCQuery_Active_Flag>
    <XCRowItem_GUID>00000da9-0000-0000-0000-0000780e0000</XCRowItem_GUID>
    <XCRowItem_Name>SCRNFAILDATE</XCRowItem_Name>
    <XCQuery_Enforce_Flag>True</XCQuery_Enforce_Flag>
  </XCQuery>
  <XCQuery>
    <XCQuery_GUID>00001afe-0000-0000-0000-000000000000</XCQuery_GUID>
    <XCQuery_Name>Fail_SCRNFAILDATE_DataType</XCQuery_Name>
    <XCQuery_Desc>Field does not contain a valid Date.</XCQuery_Desc>
    <XCQuery_ActionReq>N/A</XCQuery_ActionReq>
    <XCQuery_Type_Code>DataType</XCQuery_Type_Code>
    <XCQuery_Level>1</XCQuery_Level>
    <XCQuery_Output_Code>DCF</XCQuery_Output_Code>
    <XCQuery_DCFStartStatus_Code>Sent</XCQuery_DCFStartStatus_Code>
    <XCQuery_WarnUser_Flag>True</XCQuery_WarnUser_Flag>
    <XCQuery_Design_ID>10</XCQuery_Design_ID>
    <XCQuery_Active_Flag>True</XCQuery_Active_Flag>
    <XCRowItem_GUID>00000da9-0000-0000-0000-0000780e0000</XCRowItem_GUID>
    <XCRowItem_Name>SCRNFAILDATE</XCRowItem_Name>
    <XCQuery_Enforce_Flag>True</XCQuery_Enforce_Flag>
  </XCQuery>
  <XCQuery>
    <XCQuery_GUID>00001aff-0000-0000-0000-000000000000</XCQuery_GUID>
    <XCQuery_Name>Comp_COMPDATE_Required</XCQuery_Name>
    <XCQuery_Desc>Completed Date: is missing.</XCQuery_Desc>
    <XCQuery_ActionReq>N/A</XCQuery_ActionReq>
    <XCQuery_Type_Code>Required</XCQuery_Type_Code>
    <XCQuery_Level>0</XCQuery_Level>
    <XCQuery_Output_Code>DCF</XCQuery_Output_Code>
    <XCQuery_DCFStartStatus_Code>Sent</XCQuery_DCFStartStatus_Code>
    <XCQuery_WarnUser_Flag>True</XCQuery_WarnUser_Flag>
    <XCQuery_Design_ID>11</XCQuery_Design_ID>
    <XCQuery_Active_Flag>True</XCQuery_Active_Flag>
    <XCRowItem_GUID>00000daa-0000-0000-0000-00007a0e0000</XCRowItem_GUID>
    <XCRowItem_Name>COMPDATE</XCRowItem_Name>
    <XCQuery_Enforce_Flag>True</XCQuery_Enforce_Flag>
  </XCQuery>
  <XCQuery>
    <XCQuery_GUID>00001b00-0000-0000-0000-000000000000</XCQuery_GUID>
    <XCQuery_Name>Comp_COMPDATE_DataType</XCQuery_Name>
    <XCQuery_Desc>Field does not contain a valid Date.</XCQuery_Desc>
    <XCQuery_ActionReq>N/A</XCQuery_ActionReq>
    <XCQuery_Type_Code>DataType</XCQuery_Type_Code>
    <XCQuery_Level>1</XCQuery_Level>
    <XCQuery_Output_Code>DCF</XCQuery_Output_Code>
    <XCQuery_DCFStartStatus_Code>Sent</XCQuery_DCFStartStatus_Code>
    <XCQuery_WarnUser_Flag>True</XCQuery_WarnUser_Flag>
    <XCQuery_Design_ID>12</XCQuery_Design_ID>
    <XCQuery_Active_Flag>True</XCQuery_Active_Flag>
    <XCRowItem_GUID>00000daa-0000-0000-0000-00007a0e0000</XCRowItem_GUID>
    <XCRowItem_Name>COMPDATE</XCRowItem_Name>
    <XCQuery_Enforce_Flag>True</XCQuery_Enforce_Flag>
  </XCQuery>
  <XCScript>
    <XCScript_GUID>00001aeb-0000-0000-0000-000000000000</XCScript_GUID>
    <XCScript_Name>Level0RequiredNotValid</XCScript_Name>
    <XCScript_Desc>Default Required function.</XCScript_Desc>
    <XCScript_Type_Code>Function</XCScript_Type_Code>
    <XCScript_Language_Code>VB.NET</XCScript_Language_Code>
    <XCScript_FunctionName>Level0RequiredNotValid</XCScript_FunctionName>
    <XCScript_Script_Call>Function Level0RequiredNotValid(DataValue)</XCScript_Script_Call>
    <XCScript_Script_Code>Level0RequiredNotValid = Len(DataValue) = 0</XCScript_Script_Code>
    <XCScript_Script>Function Level0RequiredNotValid(DataValue)
Level0RequiredNotValid = Len(DataValue) = 0
End Function</XCScript_Script>
    <XCScript_External_ID />
    <XCScript_AuthorStatus_Code>Draft</XCScript_AuthorStatus_Code>
    <XCValidation_Code>Valid</XCValidation_Code>
  </XCScript>
  <XCScript>
    <XCScript_GUID>00001aec-0000-0000-0000-000000000000</XCScript_GUID>
    <XCScript_Name>Level1DataTypeNotValid</XCScript_Name>
    <XCScript_Desc>Default DataType function.</XCScript_Desc>
    <XCScript_Type_Code>Function</XCScript_Type_Code>
    <XCScript_Language_Code>VB.NET</XCScript_Language_Code>
    <XCScript_FunctionName>Level1DataTypeNotValid</XCScript_FunctionName>
    <XCScript_Script_Call>Function Level1DataTypeNotValid(DataValue, DataType, strFormatRegExpr)</XCScript_Script_Call>
    <XCScript_Script_Code>If DataValue = "NULL" or DataValue = "" Then
		Level1DataTypeNotValid = "False" 
	ElseIF LCase(DataType) = "datetime" Then
		dim objRegExp
		set objRegExp = new RegExp
		objRegExp.Pattern = strFormatRegExpr
		objRegExp.IgnoreCase = True
		dim DateFormatOkay
		DateFormatOkay = objRegExp.Test(DataValue)
		set objRegExp = nothing
		Level1DataTypeNotValid = not DateFormatOkay or not IsDate(DataValue) Or Len(DataValue) &lt; 4	
	ElseIf LCase(DataType) = "float" Then
		Level1DataTypeNotValid = not isNumeric(DataValue)
	ElseIf LCase(DataType) = "integer" Then
		Level1DataTypeNotValid = not isNumeric(DataValue) or InStr(1, DataValue, ".") &gt; 0
	Else
		Level1DataTypeNotValid = "False"
	End If</XCScript_Script_Code>
    <XCScript_Script>Function Level1DataTypeNotValid(DataValue, DataType, strFormatRegExpr)
If DataValue = "NULL" or DataValue = "" Then
		Level1DataTypeNotValid = "False" 
	ElseIF LCase(DataType) = "datetime" Then
		dim objRegExp
		set objRegExp = new RegExp
		objRegExp.Pattern = strFormatRegExpr
		objRegExp.IgnoreCase = True
		dim DateFormatOkay
		DateFormatOkay = objRegExp.Test(DataValue)
		set objRegExp = nothing
		Level1DataTypeNotValid = not DateFormatOkay or not IsDate(DataValue) Or Len(DataValue) &lt; 4	
	ElseIf LCase(DataType) = "float" Then
		Level1DataTypeNotValid = not isNumeric(DataValue)
	ElseIf LCase(DataType) = "integer" Then
		Level1DataTypeNotValid = not isNumeric(DataValue) or InStr(1, DataValue, ".") &gt; 0
	Else
		Level1DataTypeNotValid = "False"
	End If
End Function</XCScript_Script>
    <XCScript_External_ID />
    <XCScript_AuthorStatus_Code>Draft</XCScript_AuthorStatus_Code>
    <XCValidation_Code>Valid</XCValidation_Code>
  </XCScript>
  <XCScript>
    <XCScript_GUID>00001aed-0000-0000-0000-000000000000</XCScript_GUID>
    <XCScript_Name>Level2MaxLengthNotValid</XCScript_Name>
    <XCScript_Desc>Default Max Length function.</XCScript_Desc>
    <XCScript_Type_Code>Function</XCScript_Type_Code>
    <XCScript_Language_Code>VB.NET</XCScript_Language_Code>
    <XCScript_FunctionName>Level2MaxLengthNotValid</XCScript_FunctionName>
    <XCScript_Script_Call>Function Level2MaxLengthNotValid(DataValue, MaxLength, DataType)</XCScript_Script_Call>
    <XCScript_Script_Code>If DataValue = "NULL" Then 
		DataValue = "" 
	End If 
	MaxLength = CInt(MaxLength)
	If LCase(DataType) = "float" Then	'strip the first decimal out
		If Instr(DataValue, ".") &gt; 0 Then
			DataValue = Left(DataValue, Instr(DataValue, ".") - 1) + Right(DataValue, Len(DataValue) - Instr(DataValue, "."))
		End If
	End If
	If Len(DataValue) &gt; MaxLength Then 
		Level2MaxLengthNotValid = "True" 
	Else
		Level2MaxLengthNotValid = "False" 
	End If</XCScript_Script_Code>
    <XCScript_Script>Function Level2MaxLengthNotValid(DataValue, MaxLength, DataType)
If DataValue = "NULL" Then 
		DataValue = "" 
	End If 
	MaxLength = CInt(MaxLength)
	If LCase(DataType) = "float" Then	'strip the first decimal out
		If Instr(DataValue, ".") &gt; 0 Then
			DataValue = Left(DataValue, Instr(DataValue, ".") - 1) + Right(DataValue, Len(DataValue) - Instr(DataValue, "."))
		End If
	End If
	If Len(DataValue) &gt; MaxLength Then 
		Level2MaxLengthNotValid = "True" 
	Else
		Level2MaxLengthNotValid = "False" 
	End If
End Function</XCScript_Script>
    <XCScript_External_ID />
    <XCScript_AuthorStatus_Code>Draft</XCScript_AuthorStatus_Code>
    <XCValidation_Code>Valid</XCValidation_Code>
  </XCScript>
  <XCScript>
    <XCScript_GUID>00001aee-0000-0000-0000-000000000000</XCScript_GUID>
    <XCScript_Name>Level2MinLengthNotValid</XCScript_Name>
    <XCScript_Desc>Default Min Length function.</XCScript_Desc>
    <XCScript_Type_Code>Function</XCScript_Type_Code>
    <XCScript_Language_Code>VB.NET</XCScript_Language_Code>
    <XCScript_FunctionName>Level2MinLengthNotValid</XCScript_FunctionName>
    <XCScript_Script_Call>Function Level2MinLengthNotValid(DataValue, MinLength, DataType)</XCScript_Script_Call>
    <XCScript_Script_Code>If DataValue = "NULL" Then 
		DataValue = "" 
	End If 
	MinLength = CInt(MinLength)
	If LCase(DataType) = "float" Then	'strip the first decimal out
		If Instr(DataValue, ".") &gt; 0 Then
			DataValue = Left(DataValue, Instr(DataValue, ".") - 1) + Right(DataValue, Len(DataValue) - Instr(DataValue, "."))
		End If
	End If
	If Len(DataValue) &lt; MinLength Then 
		Level2MinLengthNotValid = "True" 
	Else
		Level2MinLengthNotValid = "False" 
	End If</XCScript_Script_Code>
    <XCScript_Script>Function Level2MinLengthNotValid(DataValue, MinLength, DataType)
If DataValue = "NULL" Then 
		DataValue = "" 
	End If 
	MinLength = CInt(MinLength)
	If LCase(DataType) = "float" Then	'strip the first decimal out
		If Instr(DataValue, ".") &gt; 0 Then
			DataValue = Left(DataValue, Instr(DataValue, ".") - 1) + Right(DataValue, Len(DataValue) - Instr(DataValue, "."))
		End If
	End If
	If Len(DataValue) &lt; MinLength Then 
		Level2MinLengthNotValid = "True" 
	Else
		Level2MinLengthNotValid = "False" 
	End If
End Function</XCScript_Script>
    <XCScript_External_ID />
    <XCScript_AuthorStatus_Code>Draft</XCScript_AuthorStatus_Code>
    <XCValidation_Code>Valid</XCValidation_Code>
  </XCScript>
  <XCScript>
    <XCScript_GUID>00001aef-0000-0000-0000-000000000000</XCScript_GUID>
    <XCScript_Name>Level2MaxPrecisionNotValid</XCScript_Name>
    <XCScript_Desc>Default Max Precision function.</XCScript_Desc>
    <XCScript_Type_Code>Function</XCScript_Type_Code>
    <XCScript_Language_Code>VB.NET</XCScript_Language_Code>
    <XCScript_FunctionName>Level2MaxPrecisionNotValid</XCScript_FunctionName>
    <XCScript_Script_Call>Function Level2MaxPrecisionNotValid(DataValue, MaxPrecision)</XCScript_Script_Call>
    <XCScript_Script_Code>If DataValue = "NULL" Then 
	DataValue = "" 
End If 
MaxPrecision = CInt(MaxPrecision)
If InStr(1, DataValue, ".") &gt; 0 and (Len(DataValue) - InStr(1, DataValue, ".")) &gt; MaxPrecision Then
	Level2MaxPrecisionNotValid = "True" 
Else
	Level2MaxPrecisionNotValid = "False" 
End If</XCScript_Script_Code>
    <XCScript_Script>Function Level2MaxPrecisionNotValid(DataValue, MaxPrecision)
If DataValue = "NULL" Then 
	DataValue = "" 
End If 
MaxPrecision = CInt(MaxPrecision)
If InStr(1, DataValue, ".") &gt; 0 and (Len(DataValue) - InStr(1, DataValue, ".")) &gt; MaxPrecision Then
	Level2MaxPrecisionNotValid = "True" 
Else
	Level2MaxPrecisionNotValid = "False" 
End If
End Function</XCScript_Script>
    <XCScript_External_ID />
    <XCScript_AuthorStatus_Code>Draft</XCScript_AuthorStatus_Code>
    <XCValidation_Code>Valid</XCValidation_Code>
  </XCScript>
  <XCScript>
    <XCScript_GUID>00001af0-0000-0000-0000-000000000000</XCScript_GUID>
    <XCScript_Name>Level2MinPrecisionNotValid</XCScript_Name>
    <XCScript_Desc>Default Min Precision function.</XCScript_Desc>
    <XCScript_Type_Code>Function</XCScript_Type_Code>
    <XCScript_Language_Code>VB.NET</XCScript_Language_Code>
    <XCScript_FunctionName>Level2MinPrecisionNotValid</XCScript_FunctionName>
    <XCScript_Script_Call>Function Level2MinPrecisionNotValid(DataValue, MinPrecision)</XCScript_Script_Call>
    <XCScript_Script_Code>If DataValue = "NULL" Then 
	DataValue = "" 
End If 
MinPrecision = CInt(MinPrecision)
If InStr(1, DataValue, ".") = 0 Then
	If MinPrecision = 0 Then
		Level2MinPrecisionNotValid = "False" 
	Else
		Level2MinPrecisionNotValid = "True" 
	End If
ElseIf (Len(DataValue) - InStr(1, DataValue, ".")) &lt; MinPrecision Then
	Level2MinPrecisionNotValid = "True" 
Else
	Level2MinPrecisionNotValid = "False" 
End If</XCScript_Script_Code>
    <XCScript_Script>Function Level2MinPrecisionNotValid(DataValue, MinPrecision)
If DataValue = "NULL" Then 
	DataValue = "" 
End If 
MinPrecision = CInt(MinPrecision)
If InStr(1, DataValue, ".") = 0 Then
	If MinPrecision = 0 Then
		Level2MinPrecisionNotValid = "False" 
	Else
		Level2MinPrecisionNotValid = "True" 
	End If
ElseIf (Len(DataValue) - InStr(1, DataValue, ".")) &lt; MinPrecision Then
	Level2MinPrecisionNotValid = "True" 
Else
	Level2MinPrecisionNotValid = "False" 
End If
End Function</XCScript_Script>
    <XCScript_External_ID />
    <XCScript_AuthorStatus_Code>Draft</XCScript_AuthorStatus_Code>
    <XCValidation_Code>Valid</XCValidation_Code>
  </XCScript>
  <XCScript>
    <XCScript_GUID>00001af1-0000-0000-0000-000000000000</XCScript_GUID>
    <XCScript_Name>Level2RangeNotValid</XCScript_Name>
    <XCScript_Desc>Default Range Check function.</XCScript_Desc>
    <XCScript_Type_Code>Function</XCScript_Type_Code>
    <XCScript_Language_Code>VB.NET</XCScript_Language_Code>
    <XCScript_FunctionName>Level2RangeNotValid</XCScript_FunctionName>
    <XCScript_Script_Call>Function Level2RangeNotValid(DataValue, DataType, MinValue, MaxValue)</XCScript_Script_Call>
    <XCScript_Script_Code>If LCase(DataValue) = "null" or DataValue = "" Then
		Level2RangeNotValid = "False" 
	ElseIf LCase(DataType) = "datetime" Then
		If IsDate(DataValue) THEN 
			DataValue = cDate(DataValue)
			MinValue = cDate(MinValue)
			MaxValue = cDate(MaxValue)	

			IF (DataValue &gt;= MinValue) and (DataValue &lt;= MaxValue) THEN 
				Level2RangeNotValid = "False" 
			ELSE 
				Level2RangeNotValid = "True" 
			END IF 
		Else
			Level2RangeNotValid = "True" 
		END IF 
	ElseIf LCase(DataType) = "integer" Or LCase(DataType) = "float" Then
		If IsNumeric(DataValue) THEN 
			DataValue = cDbl(DataValue)
			MinValue = cDbl(MinValue)
			MaxValue = cDbl(MaxValue)

			IF (DataValue &gt;= MinValue) and (DataValue &lt;= MaxValue) THEN 
				Level2RangeNotValid = "False" 
			ELSE 
				Level2RangeNotValid = "True" 
			END IF 
		Else
			Level2RangeNotValid = "True" 
		END IF 
	Else
		Level2RangeNotValid = "False" 
	End If</XCScript_Script_Code>
    <XCScript_Script>Function Level2RangeNotValid(DataValue, DataType, MinValue, MaxValue)
If LCase(DataValue) = "null" or DataValue = "" Then
		Level2RangeNotValid = "False" 
	ElseIf LCase(DataType) = "datetime" Then
		If IsDate(DataValue) THEN 
			DataValue = cDate(DataValue)
			MinValue = cDate(MinValue)
			MaxValue = cDate(MaxValue)	

			IF (DataValue &gt;= MinValue) and (DataValue &lt;= MaxValue) THEN 
				Level2RangeNotValid = "False" 
			ELSE 
				Level2RangeNotValid = "True" 
			END IF 
		Else
			Level2RangeNotValid = "True" 
		END IF 
	ElseIf LCase(DataType) = "integer" Or LCase(DataType) = "float" Then
		If IsNumeric(DataValue) THEN 
			DataValue = cDbl(DataValue)
			MinValue = cDbl(MinValue)
			MaxValue = cDbl(MaxValue)

			IF (DataValue &gt;= MinValue) and (DataValue &lt;= MaxValue) THEN 
				Level2RangeNotValid = "False" 
			ELSE 
				Level2RangeNotValid = "True" 
			END IF 
		Else
			Level2RangeNotValid = "True" 
		END IF 
	Else
		Level2RangeNotValid = "False" 
	End If
End Function</XCScript_Script>
    <XCScript_External_ID />
    <XCScript_AuthorStatus_Code>Draft</XCScript_AuthorStatus_Code>
    <XCValidation_Code>Valid</XCValidation_Code>
  </XCScript>
  <XCScript>
    <XCScript_GUID>00001af2-0000-0000-0000-000000000000</XCScript_GUID>
    <XCScript_Name>FN_Encoding</XCScript_Name>
    <XCScript_Desc>Default Encoding function.</XCScript_Desc>
    <XCScript_Type_Code>Function</XCScript_Type_Code>
    <XCScript_Language_Code>VB.NET</XCScript_Language_Code>
    <XCScript_FunctionName>FN_Encoding</XCScript_FunctionName>
    <XCScript_Script_Call>FUNCTION FN_Encoding(PriorValue, CurrentValue)</XCScript_Script_Call>
    <XCScript_Script_Code>IF (PriorValue &lt;&gt; CurrentValue) THEN
		FN_Encoding = "True"
	ELSE
		FN_Encoding = "False"
	END IF</XCScript_Script_Code>
    <XCScript_Script>FUNCTION FN_Encoding(PriorValue, CurrentValue)
IF (PriorValue &lt;&gt; CurrentValue) THEN
		FN_Encoding = "True"
	ELSE
		FN_Encoding = "False"
	END IF
End Function</XCScript_Script>
    <XCScript_External_ID />
    <XCScript_AuthorStatus_Code>Draft</XCScript_AuthorStatus_Code>
    <XCValidation_Code>Valid</XCValidation_Code>
  </XCScript>
  <XCScript>
    <XCScript_GUID>00001af3-0000-0000-0000-000000000000</XCScript_GUID>
    <XCScript_Name>NotAnswered</XCScript_Name>
    <XCScript_Desc>Default Not Answered function.</XCScript_Desc>
    <XCScript_Type_Code>Function</XCScript_Type_Code>
    <XCScript_Language_Code>VB.NET</XCScript_Language_Code>
    <XCScript_FunctionName>NotAnswered</XCScript_FunctionName>
    <XCScript_Script_Call>FUNCTION NotAnswered(IsNotAnswered)</XCScript_Script_Call>
    <XCScript_Script_Code>IF (LCase(IsNotAnswered)="true") THEN
		NotAnswered = "True"
	ELSE
		NotAnswered = "False"
	END IF</XCScript_Script_Code>
    <XCScript_Script>FUNCTION NotAnswered(IsNotAnswered)
IF (LCase(IsNotAnswered)="true") THEN
		NotAnswered = "True"
	ELSE
		NotAnswered = "False"
	END IF
End Function</XCScript_Script>
    <XCScript_External_ID />
    <XCScript_AuthorStatus_Code>Draft</XCScript_AuthorStatus_Code>
    <XCValidation_Code>Valid</XCValidation_Code>
  </XCScript>
  <XCScript>
    <XCScript_GUID>00001af4-0000-0000-0000-000000000000</XCScript_GUID>
    <XCScript_Name>Scr_SCRNID_Required</XCScript_Name>
    <XCScript_Desc />
    <XCScript_Type_Code>Query</XCScript_Type_Code>
    <XCScript_Language_Code>VB.NET</XCScript_Language_Code>
    <XCScript_FunctionName>Level0RequiredNotValid</XCScript_FunctionName>
    <XCScript_Script_Call />
    <XCScript_Script_Code />
    <XCScript_Script />
    <XCScript_External_ID />
    <XCScript_AuthorStatus_Code>Production</XCScript_AuthorStatus_Code>
    <XCValidation_Code>Valid</XCValidation_Code>
  </XCScript>
  <XCScript>
    <XCScript_GUID>00001af6-0000-0000-0000-000000000000</XCScript_GUID>
    <XCScript_Name>Scr_SCRNDATE_Required</XCScript_Name>
    <XCScript_Desc />
    <XCScript_Type_Code>Query</XCScript_Type_Code>
    <XCScript_Language_Code>VB.NET</XCScript_Language_Code>
    <XCScript_FunctionName>Level0RequiredNotValid</XCScript_FunctionName>
    <XCScript_Script_Call />
    <XCScript_Script_Code />
    <XCScript_Script />
    <XCScript_External_ID />
    <XCScript_AuthorStatus_Code>Production</XCScript_AuthorStatus_Code>
    <XCValidation_Code>Valid</XCValidation_Code>
  </XCScript>
  <XCScript>
    <XCScript_GUID>00001af7-0000-0000-0000-000000000000</XCScript_GUID>
    <XCScript_Name>Scr_SCRNDATE_DataType</XCScript_Name>
    <XCScript_Desc />
    <XCScript_Type_Code>Query</XCScript_Type_Code>
    <XCScript_Language_Code>VB.NET</XCScript_Language_Code>
    <XCScript_FunctionName>Level1DataTypeNotValid</XCScript_FunctionName>
    <XCScript_Script_Call />
    <XCScript_Script_Code />
    <XCScript_Script />
    <XCScript_External_ID />
    <XCScript_AuthorStatus_Code>Production</XCScript_AuthorStatus_Code>
    <XCValidation_Code>Valid</XCValidation_Code>
  </XCScript>
  <XCScript>
    <XCScript_GUID>00001af8-0000-0000-0000-000000000000</XCScript_GUID>
    <XCScript_Name>Enroll_ENRLID_Required</XCScript_Name>
    <XCScript_Desc />
    <XCScript_Type_Code>Query</XCScript_Type_Code>
    <XCScript_Language_Code>VB.NET</XCScript_Language_Code>
    <XCScript_FunctionName>Level0RequiredNotValid</XCScript_FunctionName>
    <XCScript_Script_Call />
    <XCScript_Script_Code />
    <XCScript_Script />
    <XCScript_External_ID />
    <XCScript_AuthorStatus_Code>Production</XCScript_AuthorStatus_Code>
    <XCValidation_Code>Valid</XCValidation_Code>
  </XCScript>
  <XCScript>
    <XCScript_GUID>00001af9-0000-0000-0000-000000000000</XCScript_GUID>
    <XCScript_Name>Enroll_ENRLDATE_Required</XCScript_Name>
    <XCScript_Desc />
    <XCScript_Type_Code>Query</XCScript_Type_Code>
    <XCScript_Language_Code>VB.NET</XCScript_Language_Code>
    <XCScript_FunctionName>Level0RequiredNotValid</XCScript_FunctionName>
    <XCScript_Script_Call />
    <XCScript_Script_Code />
    <XCScript_Script />
    <XCScript_External_ID />
    <XCScript_AuthorStatus_Code>Production</XCScript_AuthorStatus_Code>
    <XCValidation_Code>Valid</XCValidation_Code>
  </XCScript>
  <XCScript>
    <XCScript_GUID>00001afa-0000-0000-0000-000000000000</XCScript_GUID>
    <XCScript_Name>Enroll_ENRLDATE_DataType</XCScript_Name>
    <XCScript_Desc />
    <XCScript_Type_Code>Query</XCScript_Type_Code>
    <XCScript_Language_Code>VB.NET</XCScript_Language_Code>
    <XCScript_FunctionName>Level1DataTypeNotValid</XCScript_FunctionName>
    <XCScript_Script_Call />
    <XCScript_Script_Code />
    <XCScript_Script />
    <XCScript_External_ID />
    <XCScript_AuthorStatus_Code>Production</XCScript_AuthorStatus_Code>
    <XCValidation_Code>Valid</XCValidation_Code>
  </XCScript>
  <XCScript>
    <XCScript_GUID>00001afb-0000-0000-0000-000000000000</XCScript_GUID>
    <XCScript_Name>Disc_DISCDATE_Required</XCScript_Name>
    <XCScript_Desc />
    <XCScript_Type_Code>Query</XCScript_Type_Code>
    <XCScript_Language_Code>VB.NET</XCScript_Language_Code>
    <XCScript_FunctionName>Level0RequiredNotValid</XCScript_FunctionName>
    <XCScript_Script_Call />
    <XCScript_Script_Code />
    <XCScript_Script />
    <XCScript_External_ID />
    <XCScript_AuthorStatus_Code>Production</XCScript_AuthorStatus_Code>
    <XCValidation_Code>Valid</XCValidation_Code>
  </XCScript>
  <XCScript>
    <XCScript_GUID>00001afc-0000-0000-0000-000000000000</XCScript_GUID>
    <XCScript_Name>Disc_DISCDATE_DataType</XCScript_Name>
    <XCScript_Desc />
    <XCScript_Type_Code>Query</XCScript_Type_Code>
    <XCScript_Language_Code>VB.NET</XCScript_Language_Code>
    <XCScript_FunctionName>Level1DataTypeNotValid</XCScript_FunctionName>
    <XCScript_Script_Call />
    <XCScript_Script_Code />
    <XCScript_Script />
    <XCScript_External_ID />
    <XCScript_AuthorStatus_Code>Production</XCScript_AuthorStatus_Code>
    <XCValidation_Code>Valid</XCValidation_Code>
  </XCScript>
  <XCScript>
    <XCScript_GUID>00001afd-0000-0000-0000-000000000000</XCScript_GUID>
    <XCScript_Name>Fail_SCRNFAILDATE_Required</XCScript_Name>
    <XCScript_Desc />
    <XCScript_Type_Code>Query</XCScript_Type_Code>
    <XCScript_Language_Code>VB.NET</XCScript_Language_Code>
    <XCScript_FunctionName>Level0RequiredNotValid</XCScript_FunctionName>
    <XCScript_Script_Call />
    <XCScript_Script_Code />
    <XCScript_Script />
    <XCScript_External_ID />
    <XCScript_AuthorStatus_Code>Production</XCScript_AuthorStatus_Code>
    <XCValidation_Code>Valid</XCValidation_Code>
  </XCScript>
  <XCScript>
    <XCScript_GUID>00001afe-0000-0000-0000-000000000000</XCScript_GUID>
    <XCScript_Name>Fail_SCRNFAILDATE_DataType</XCScript_Name>
    <XCScript_Desc />
    <XCScript_Type_Code>Query</XCScript_Type_Code>
    <XCScript_Language_Code>VB.NET</XCScript_Language_Code>
    <XCScript_FunctionName>Level1DataTypeNotValid</XCScript_FunctionName>
    <XCScript_Script_Call />
    <XCScript_Script_Code />
    <XCScript_Script />
    <XCScript_External_ID />
    <XCScript_AuthorStatus_Code>Production</XCScript_AuthorStatus_Code>
    <XCValidation_Code>Valid</XCValidation_Code>
  </XCScript>
  <XCScript>
    <XCScript_GUID>00001aff-0000-0000-0000-000000000000</XCScript_GUID>
    <XCScript_Name>Comp_COMPDATE_Required</XCScript_Name>
    <XCScript_Desc />
    <XCScript_Type_Code>Query</XCScript_Type_Code>
    <XCScript_Language_Code>VB.NET</XCScript_Language_Code>
    <XCScript_FunctionName>Level0RequiredNotValid</XCScript_FunctionName>
    <XCScript_Script_Call />
    <XCScript_Script_Code />
    <XCScript_Script />
    <XCScript_External_ID />
    <XCScript_AuthorStatus_Code>Production</XCScript_AuthorStatus_Code>
    <XCValidation_Code>Valid</XCValidation_Code>
  </XCScript>
  <XCScript>
    <XCScript_GUID>00001b00-0000-0000-0000-000000000000</XCScript_GUID>
    <XCScript_Name>Comp_COMPDATE_DataType</XCScript_Name>
    <XCScript_Desc />
    <XCScript_Type_Code>Query</XCScript_Type_Code>
    <XCScript_Language_Code>VB.NET</XCScript_Language_Code>
    <XCScript_FunctionName>Level1DataTypeNotValid</XCScript_FunctionName>
    <XCScript_Script_Call />
    <XCScript_Script_Code />
    <XCScript_Script />
    <XCScript_External_ID />
    <XCScript_AuthorStatus_Code>Production</XCScript_AuthorStatus_Code>
    <XCValidation_Code>Valid</XCValidation_Code>
  </XCScript>
  <XCScript>
    <XCScript_GUID>00001b01-0000-0000-0000-000000000000</XCScript_GUID>
    <XCScript_Name>D_InheritFromScrnID</XCScript_Name>
    <XCScript_Desc>Default Derivation.</XCScript_Desc>
    <XCScript_Type_Code>Derivation</XCScript_Type_Code>
    <XCScript_Language_Code>VB.NET</XCScript_Language_Code>
    <XCScript_FunctionName>D_InheritFromScrnID</XCScript_FunctionName>
    <XCScript_Script_Call>Function D_InheritFromScrnID(ScrnID)</XCScript_Script_Call>
    <XCScript_Script_Code>D_InheritFromScrnID = ScrnID</XCScript_Script_Code>
    <XCScript_Script>Function D_InheritFromScrnID(ScrnID)
D_InheritFromScrnID = ScrnID
End Function</XCScript_Script>
    <XCScript_External_ID />
    <XCScript_AuthorStatus_Code>Production</XCScript_AuthorStatus_Code>
    <XCValidation_Code>Valid</XCValidation_Code>
  </XCScript>
  <XCFile>
    <DesignerVersion>5.8.0.201906112</DesignerVersion>
    <ScriptAssembly>true</ScriptAssembly>
    <ErrorCode>34912</ErrorCode>
  </XCFile>
  <XCStudyApplications>
    <XCStudyApplications_GUID>00000042-0000-0000-0000-000000000000</XCStudyApplications_GUID>
    <XCTargetAppVersionId>8</XCTargetAppVersionId>
  </XCStudyApplications>
  <XCStudy>
    <XCStudy_GUID>72755ebb-70f1-4b8e-ad40-642ad4c2f253</XCStudy_GUID>
    <Study_Name>CreateNewStudy</Study_Name>
    <Study_Label>StudyLabel1</Study_Label>
    <Study_ProtocolNO_Name>Protocol1</Study_ProtocolNO_Name>
    <XCStudy_Protocol_Title />
    <XCStudy_Protocol_Label>ProtocolTitle1</XCStudy_Protocol_Label>
    <XCStudy_Phase_Code>Phase1</XCStudy_Phase_Code>
    <XCStudy_Drug_Name>Cal pol</XCStudy_Drug_Name>
    <XCStudy_Indication_Name>IND1</XCStudy_Indication_Name>
    <XCStudy_Therapeutic_Name>Allergy</XCStudy_Therapeutic_Name>
    <XCStudy_Client_Name>Sponsor1</XCStudy_Client_Name>
    <XCStudy_External_ID>EXSTUID</XCStudy_External_ID>
    <XCDateTimeFormat>United States (mm/dd/yyyy hh:mm:ss AP TZD)</XCDateTimeFormat>
    <XCStudy_CyclesCount />
    <XCStudy_SASLimitChars_Flag>True</XCStudy_SASLimitChars_Flag>
    <XCStudy_SASLabelLimitChars_Flag>true</XCStudy_SASLabelLimitChars_Flag>
    <XCStudy_SASRequired_Flag>True</XCStudy_SASRequired_Flag>
    <XCStudy_SASDateTime>MDYAMPM19.</XCStudy_SASDateTime>
    <XCStudy_SASDate>MMDDYY10.</XCStudy_SASDate>
    <XCStudy_ItemLevelSecurity_Flag>True</XCStudy_ItemLevelSecurity_Flag>
    <XCStudy_TargetApp>DataLabs</XCStudy_TargetApp>
    <XCStudy_TargetAppVersion>5.8x</XCStudy_TargetAppVersion>
    <XCStudy_EventDateForm_Flag>True</XCStudy_EventDateForm_Flag>
    <XCStudy_ConditionalDelimiter>|</XCStudy_ConditionalDelimiter>
    <XCStudy_Feature>7103</XCStudy_Feature>
    <XCStudy_Labs>Yes</XCStudy_Labs>
  </XCStudy>
</Dataset_StudyDesign>