<?xml version="1.0" encoding="utf-8"?>
<Export xmlns:xsd="http://www.w3.org/2001/XMLSchema" xmlns:xsi="http://www.w3.org/2001/XMLSchema-instance" xmlns="http://www.perceptive.com/2010/10/DataLabsXC/Integration/AdvancedExport">
  <Mapping>
    <DataShapes>
      <DataShape Name="TestCGstudy" Type="Labs">
        <SubDataShape Name="StatusForm" Category="Lab Mapping" IsMultipleInstance="true" DomainName="StatusForm">
          <DataReference Name="LAB_ID" Label="Lab ID" Value="Data.*.*.*.SCRNIDENT.Value" SortOrder="1" MappingType="D" />
          <DataReference Name="COLLECTION_DATE" Label="Collection Date" Value="Data.*.*.*.SCRNID.Value" SortOrder="2" MappingType="D" />
          <DataReference Name="LAB_TEST" Label="Lab Test" Value="Data.*.*.*.SCRNDATE.Value" SortOrder="3" MappingType="D" />
          <DataReference Name="LAB_VALUE" Label="Lab Value" Value="Data.*.*.*.ENRLID.Value" SortOrder="4" MappingType="D" />
          <DataReference Name="REFERENCES_RANGE" Label="Reference Range" Value="Data.*.*.*.COMPDATE.Value" SortOrder="8" MappingType="D" />
        </SubDataShape>
        <SubDataShape Name="Attribute Mapping" Category="Attribute Mapping" IsMultipleInstance="false">
          <DataReference Name="GENDER" Label="Gender" Value="Data.Screening.Form1.Text.Text.Value" SortOrder="1" MappingType="M" />
          <DataReference Name="DATE_OF_BIRTH_SELECTION" Label="Date of Birth / Age" Value="Date of Birth (Whole Date)" SortOrder="2" MappingType="D" />
          <DataReference Name="DATE_OF_BIRTH_WHOLEDATE" Label="Date of Birth (Whole Date)" Value="Data.Visit03.DEMO.BRTHDT.BRTHDT.Value" SortOrder="3" MappingType="M" />
          <DataReference Name="RACE" Label="Race" Value="Data.Visit03.DEMO.RACE.RACE.Value" SortOrder="9" MappingType="M" />
        </SubDataShape>
      </DataShape>
    </DataShapes>
    <LabCategory>
      <Category Name="Lab Mapping" Desc="Lab Mapping" IsMultipleInstance="true">
        <Attribute Name="LAB_ID" Label="Lab ID" AgeCalculationType="None" />
        <Attribute Name="COLLECTION_DATE" Label="Collection Date" AgeCalculationType="None" />
        <Attribute Name="LAB_TEST" Label="Lab Test" AgeCalculationType="None" />
        <Attribute Name="LAB_VALUE" Label="Lab Value" AgeCalculationType="None" />
        <Attribute Name="LAB_UNIT" Label="Lab Unit" AgeCalculationType="None" />
        <Attribute Name="CATEGORY" Label="Category" AgeCalculationType="None" />
        <Attribute Name="FASTING_STATUS" Label="Fasting Status" AgeCalculationType="None" />
        <Attribute Name="REFERENCES_RANGE" Label="Reference Range" AgeCalculationType="None" />
      </Category>
      <Category Name="Attribute Mapping" Desc="Attribute Mapping" IsMultipleInstance="false">
        <Attribute Name="GENDER" Label="Gender" AgeCalculationType="None" />
        <Attribute Name="DATE_OF_BIRTH_SELECTION" Label="Date of Birth / Age" AgeCalculationType="None" />
        <Attribute Name="DATE_OF_BIRTH_WHOLEDATE" Label="Date of Birth (Whole Date)" AgeCalculationType="Date of Birth (Whole Date)" />
        <Attribute Name="DATE_OF_BIRTH_DAY" Label="Date of Birth (Day)" AgeCalculationType="Date of Birth (Day, Month, Year)" />
        <Attribute Name="DATE_OF_BIRTH_MONTH" Label="Date of Birth (Month)" AgeCalculationType="Date of Birth (Day, Month, Year)" />
        <Attribute Name="DATE_OF_BIRTH_YEAR" Label="Date of Birth (Year)" AgeCalculationType="Date of Birth (Day, Month, Year)" />
        <Attribute Name="AGE" Label="Age" AgeCalculationType="Age" />
        <Attribute Name="AGE_UNIT" Label="Age Unit" AgeCalculationType="Age" />
        <Attribute Name="RACE" Label="Race" AgeCalculationType="None" />
      </Category>
    </LabCategory>
  </Mapping>
</Export>