<?xml version="1.0" encoding="utf-8"?>
<Export xmlns:xsd="http://www.w3.org/2001/XMLSchema" xmlns:xsi="http://www.w3.org/2001/XMLSchema-instance" xmlns="http://www.perceptive.com/2010/10/DataLabsXC/Integration/AdvancedExport">
  <Mapping>
    <DataShapes>
      <DataShape Name="Linkages_22" Type="Labs">
        <SubDataShape Name="LabElements" Category="Lab Mapping" IsMultipleInstance="true" DomainName="LabElements">
          <DataReference Name="LAB_ID" Label="Lab ID" Value="Data.*.*.*.LabID.Value" SortOrder="2" MappingType="D" LabelString="Data.*.*.*.LabID.Value" />
          <DataReference Name="Lab_Name" Label="Lab Name" Value="Data.*.*.*.LabName.Value" SortOrder="3" MappingType="D" LabelString="Data.*.*.*.LabName.Value" />
          <DataReference Name="Company" Label="Company" Value="Data.*.*.*.Company.Value" SortOrder="4" MappingType="D" LabelString="Data.*.*.*.Company.Value" />
          <DataReference Name="Lab_Address" Label="Lab Address" Value="Data.*.*.*.LabAddress.Value" SortOrder="5" MappingType="D" LabelString="Data.*.*.*.LabAddress.Value" />
          <DataReference Name="Country" Label="Country" Value="Data.*.*.*.Country1.Value" SortOrder="6" MappingType="D" LabelString="Data.*.*.*.Country1.Value" />
          <DataReference Name="CRF_Collection_Date" Label="CRF Collection Date" Value="Data.*.*.*.CRFCollectionDate.Value" SortOrder="8" MappingType="D" LabelString="Data.*.*.*.CRFCollectionDate.Value" />
          <DataReference Name="CRF_Lab_Test_Name" Label="CRF Lab Test Name" Value="Data.*.*.*.CRFLabTests.Value" SortOrder="9" MappingType="D" LabelString="Data.*.*.*.CRFLabTests.Value" />
          <DataReference Name="Lab_Test_Description" Label="Lab Test Description" Value="Data.*.*.*.LabTestDesc.Value" SortOrder="10" MappingType="D" LabelString="Data.*.*.*.LabTestDesc.Value" />
          <DataReference Name="CRF_Lab_Value" Label="CRF Lab Value" Value="Data.*.*.*.LabValue.Value" SortOrder="11" MappingType="D" LabelString="Data.*.*.*.LabValue.Value" />
          <DataReference Name="CRF_Lab_Original_Unit" Label="CRF Lab (Original) Unit" Value="Data.*.*.*.CRFLabUnits.Value" SortOrder="12" MappingType="D" LabelString="Data.*.*.*.CRFLabUnits.Value" />
          <DataReference Name="Lab_Test_Name" Label="Lab Test Name" Value="" SortOrder="14" LabelString="" />
          <DataReference Name="Lab_Test_Code" Label="Lab Test Code" Value="" SortOrder="15" LabelString="" />
          <DataReference Name="LOINC_Code" Label="LOINC Code" Value="" SortOrder="17" LabelString="" />
          <DataReference Name="Category" Label="Category" Value="" SortOrder="18" LabelString="" />
          <DataReference Name="Sub_category" Label="Subcategory" Value="" SortOrder="19" LabelString="" />
          <DataReference Name="Specimen" Label="Specimen" Value="" SortOrder="20" LabelString="" />
          <DataReference Name="Method" Label="Method" Value="" SortOrder="21" LabelString="" />
          <DataReference Name="Result_Type" Label="Result Type" Value="" SortOrder="22" LabelString="" />
          <DataReference Name="Normal_Reference_Range_Low" Label="Normal Reference Range Low" Value="" SortOrder="24" LabelString="" />
          <DataReference Name="Normal_Reference_Range_High" Label="Normal Reference Range High" Value="" SortOrder="25" LabelString="" />
          <DataReference Name="Critical_Reference_Range_Low" Label="Critical Reference Range Low" Value="" SortOrder="26" LabelString="" />
          <DataReference Name="Critical_Reference_Range_High" Label="Critical Reference Range High" Value="" SortOrder="27" LabelString="" />
          <DataReference Name="Reference_Range_Not_Applicable" Label="Reference Range Not Applicable" Value="" SortOrder="28" LabelString="" />
          <DataReference Name="Reference_Range_ID" Label="Reference Range ID" Value="" SortOrder="29" LabelString="" />
          <DataReference Name="Out_of_Normal_Range_Indicator" Label="Out of Normal Range Indicator" Value="" SortOrder="30" LabelString="" />
          <DataReference Name="Normalized_Patient_Lab_Value" Label="Normalized Patient Lab Value" Value="Data.*.*.*.Precision.Value" SortOrder="32" MappingType="D" LabelString="Data.*.*.*.Precision.Value" />
          <DataReference Name="Normalized_Lab_Unit" Label="Normalized Lab Unit" Value="" SortOrder="33" LabelString="" />
          <DataReference Name="Normalized_Normal_Reference_Range_Low" Label="Normalized Normal Reference Range Low" Value="" SortOrder="34" LabelString="" />
          <DataReference Name="Normalized_Normal_Reference_Range_High" Label="Normalized Normal Reference Range High" Value="" SortOrder="35" LabelString="" />
          <DataReference Name="Normalized_Critical_Reference_Range_Low" Label="Normalized Critical Reference Range Low" Value="" SortOrder="36" LabelString="" />
          <DataReference Name="Normalized_Critical_Reference_Range_High" Label="Normalized Critical Reference Range High" Value="" SortOrder="37" LabelString="" />
          <DataReference Name="Precision" Label="Precision" Value="" SortOrder="38" LabelString="" />
          <DataReference Name="Conversion_Factor" Label="Conversion Factor" Value="Data.*.*.*.ConversionFactor.Value" SortOrder="39" MappingType="D" LabelString="Data.*.*.*.ConversionFactor.Value" />
        </SubDataShape>
        <SubDataShape Name="Lab_Elements" Category="Lab Mapping" IsMultipleInstance="true" DomainName="Lab_Elements">
          <DataReference Name="LAB_ID" Label="Lab ID" Value="Data.*.*.*.LabID1.Value" SortOrder="2" MappingType="D" LabelString="Data.*.*.*.LabID1.Value" />
          <DataReference Name="Lab_Name" Label="Lab Name" Value="" SortOrder="3" LabelString="" />
          <DataReference Name="Company" Label="Company" Value="" SortOrder="4" LabelString="" />
          <DataReference Name="Lab_Address" Label="Lab Address" Value="" SortOrder="5" LabelString="" />
          <DataReference Name="Country" Label="Country" Value="" SortOrder="6" LabelString="" />
          <DataReference Name="CRF_Collection_Date" Label="CRF Collection Date" Value="Data.*.*.*.CRFCollectionDate1.Value" SortOrder="8" MappingType="D" LabelString="Data.*.*.*.CRFCollectionDate1.Value" />
          <DataReference Name="CRF_Lab_Test_Name" Label="CRF Lab Test Name" Value="Data.*.*.*.LabTestName1.Value" SortOrder="9" MappingType="D" LabelString="Data.*.*.*.LabTestName1.Value" />
          <DataReference Name="Lab_Test_Description" Label="Lab Test Description" Value="" SortOrder="10" LabelString="" />
          <DataReference Name="CRF_Lab_Value" Label="CRF Lab Value" Value="Data.*.*.*.LabValue1.Value" SortOrder="11" MappingType="D" LabelString="Data.*.*.*.LabValue1.Value" />
          <DataReference Name="CRF_Lab_Original_Unit" Label="CRF Lab (Original) Unit" Value="Data.*.*.*.LabUnit1.Value" SortOrder="12" MappingType="D" LabelString="Data.*.*.*.LabUnit1.Value" />
          <DataReference Name="Lab_Test_Name" Label="Lab Test Name" Value="" SortOrder="14" LabelString="" />
          <DataReference Name="Lab_Test_Code" Label="Lab Test Code" Value="" SortOrder="15" LabelString="" />
          <DataReference Name="LOINC_Code" Label="LOINC Code" Value="" SortOrder="17" LabelString="" />
          <DataReference Name="Category" Label="Category" Value="" SortOrder="18" LabelString="" />
          <DataReference Name="Sub_category" Label="Subcategory" Value="" SortOrder="19" LabelString="" />
          <DataReference Name="Specimen" Label="Specimen" Value="" SortOrder="20" LabelString="" />
          <DataReference Name="Method" Label="Method" Value="" SortOrder="21" LabelString="" />
          <DataReference Name="Result_Type" Label="Result Type" Value="" SortOrder="22" LabelString="" />
          <DataReference Name="Normal_Reference_Range_Low" Label="Normal Reference Range Low" Value="" SortOrder="24" LabelString="" />
          <DataReference Name="Normal_Reference_Range_High" Label="Normal Reference Range High" Value="" SortOrder="25" LabelString="" />
          <DataReference Name="Critical_Reference_Range_Low" Label="Critical Reference Range Low" Value="" SortOrder="26" LabelString="" />
          <DataReference Name="Critical_Reference_Range_High" Label="Critical Reference Range High" Value="" SortOrder="27" LabelString="" />
          <DataReference Name="Reference_Range_Not_Applicable" Label="Reference Range Not Applicable" Value="" SortOrder="28" LabelString="" />
          <DataReference Name="Reference_Range_ID" Label="Reference Range ID" Value="" SortOrder="29" LabelString="" />
          <DataReference Name="Out_of_Normal_Range_Indicator" Label="Out of Normal Range Indicator" Value="" SortOrder="30" LabelString="" />
          <DataReference Name="Normalized_Patient_Lab_Value" Label="Normalized Patient Lab Value" Value="" SortOrder="32" LabelString="" />
          <DataReference Name="Normalized_Lab_Unit" Label="Normalized Lab Unit" Value="" SortOrder="33" LabelString="" />
          <DataReference Name="Normalized_Normal_Reference_Range_Low" Label="Normalized Normal Reference Range Low" Value="" SortOrder="34" LabelString="" />
          <DataReference Name="Normalized_Normal_Reference_Range_High" Label="Normalized Normal Reference Range High" Value="" SortOrder="35" LabelString="" />
          <DataReference Name="Normalized_Critical_Reference_Range_Low" Label="Normalized Critical Reference Range Low" Value="" SortOrder="36" LabelString="" />
          <DataReference Name="Normalized_Critical_Reference_Range_High" Label="Normalized Critical Reference Range High" Value="" SortOrder="37" LabelString="" />
          <DataReference Name="Precision" Label="Precision" Value="" SortOrder="38" LabelString="" />
          <DataReference Name="Conversion_Factor" Label="Conversion Factor" Value="" SortOrder="39" LabelString="" />
        </SubDataShape>
        <SubDataShape Name="NewDomain" Category="Lab Mapping" IsMultipleInstance="true" DomainName="NewDomain">
          <DataReference Name="LAB_ID" Label="Lab ID" Value="Data.*.*.*.NewLabID1.Value" SortOrder="2" MappingType="D" LabelString="Data.*.*.*.NewLabID1.Value" />
          <DataReference Name="Lab_Name" Label="Lab Name" Value="" SortOrder="3" LabelString="" />
          <DataReference Name="Company" Label="Company" Value="" SortOrder="4" LabelString="" />
          <DataReference Name="Lab_Address" Label="Lab Address" Value="" SortOrder="5" LabelString="" />
          <DataReference Name="Country" Label="Country" Value="" SortOrder="6" LabelString="" />
          <DataReference Name="CRF_Collection_Date" Label="CRF Collection Date" Value="Data.*.*.*.collDate.Value" SortOrder="8" MappingType="D" LabelString="Data.*.*.*.collDate.Value" />
          <DataReference Name="CRF_Lab_Test_Name" Label="CRF Lab Test Name" Value="Data.*.*.*.CRFLTN.Value" SortOrder="9" MappingType="D" LabelString="Data.*.*.*.CRFLTN.Value" />
          <DataReference Name="Lab_Test_Description" Label="Lab Test Description" Value="" SortOrder="10" LabelString="" />
          <DataReference Name="CRF_Lab_Value" Label="CRF Lab Value" Value="Data.*.*.*.CRFLV.Value" SortOrder="11" MappingType="D" LabelString="Data.*.*.*.CRFLV.Value" />
          <DataReference Name="CRF_Lab_Original_Unit" Label="CRF Lab (Original) Unit" Value="Data.*.*.*.CRFOU.Value" SortOrder="12" MappingType="D" LabelString="Data.*.*.*.CRFOU.Value" />
          <DataReference Name="Lab_Test_Name" Label="Lab Test Name" Value="" SortOrder="14" LabelString="" />
          <DataReference Name="Lab_Test_Code" Label="Lab Test Code" Value="" SortOrder="15" LabelString="" />
          <DataReference Name="LOINC_Code" Label="LOINC Code" Value="" SortOrder="17" LabelString="" />
          <DataReference Name="Category" Label="Category" Value="" SortOrder="18" LabelString="" />
          <DataReference Name="Sub_category" Label="Subcategory" Value="" SortOrder="19" LabelString="" />
          <DataReference Name="Specimen" Label="Specimen" Value="" SortOrder="20" LabelString="" />
          <DataReference Name="Method" Label="Method" Value="" SortOrder="21" LabelString="" />
          <DataReference Name="Result_Type" Label="Result Type" Value="" SortOrder="22" LabelString="" />
          <DataReference Name="Normal_Reference_Range_Low" Label="Normal Reference Range Low" Value="" SortOrder="24" LabelString="" />
          <DataReference Name="Normal_Reference_Range_High" Label="Normal Reference Range High" Value="" SortOrder="25" LabelString="" />
          <DataReference Name="Critical_Reference_Range_Low" Label="Critical Reference Range Low" Value="" SortOrder="26" LabelString="" />
          <DataReference Name="Critical_Reference_Range_High" Label="Critical Reference Range High" Value="" SortOrder="27" LabelString="" />
          <DataReference Name="Reference_Range_Not_Applicable" Label="Reference Range Not Applicable" Value="" SortOrder="28" LabelString="" />
          <DataReference Name="Reference_Range_ID" Label="Reference Range ID" Value="" SortOrder="29" LabelString="" />
          <DataReference Name="Out_of_Normal_Range_Indicator" Label="Out of Normal Range Indicator" Value="" SortOrder="30" LabelString="" />
          <DataReference Name="Normalized_Patient_Lab_Value" Label="Normalized Patient Lab Value" Value="" SortOrder="32" LabelString="" />
          <DataReference Name="Normalized_Lab_Unit" Label="Normalized Lab Unit" Value="" SortOrder="33" LabelString="" />
          <DataReference Name="Normalized_Normal_Reference_Range_Low" Label="Normalized Normal Reference Range Low" Value="" SortOrder="34" LabelString="" />
          <DataReference Name="Normalized_Normal_Reference_Range_High" Label="Normalized Normal Reference Range High" Value="" SortOrder="35" LabelString="" />
          <DataReference Name="Normalized_Critical_Reference_Range_Low" Label="Normalized Critical Reference Range Low" Value="" SortOrder="36" LabelString="" />
          <DataReference Name="Normalized_Critical_Reference_Range_High" Label="Normalized Critical Reference Range High" Value="" SortOrder="37" LabelString="" />
          <DataReference Name="Precision" Label="Precision" Value="" SortOrder="38" LabelString="" />
          <DataReference Name="Conversion_Factor" Label="Conversion Factor" Value="" SortOrder="39" LabelString="" />
        </SubDataShape>
        <SubDataShape Name="Attribute Mapping" Category="Attribute Mapping" IsMultipleInstance="false">
          <DataReference Name="GENDER" Label="Gender" Value="Data.Event1.TestForm.Gender.Gender.Value" SortOrder="1" MappingType="M" LabelString="Data.Event1.TestForm.Gender (Gender).Gender.Value">
            <CodeListMappings SourceCodeListName="Gender" StandardCodeListName="GENDER_LAB">
              <CodeListMapping SourceItemName="Male" StandardItemName="Male" />
              <CodeListMapping SourceItemName="Female" StandardItemName="Female" />
              <CodeListMapping SourceItemName="Not Specified" StandardItemName="Not Specified" />
            </CodeListMappings>
          </DataReference>
          <DataReference Name="DATE_OF_BIRTH_SELECTION" Label="Date of Birth / Age" Value="Date of Birth (Whole Date)" SortOrder="2" MappingType="D" LabelString="Date of Birth (Whole Date)" />
          <DataReference Name="DATE_OF_BIRTH_WHOLEDATE" Label="Date of Birth (Whole Date)" Value="Data.Event1.TestForm.Age.Age.Value" SortOrder="3" MappingType="M" LabelString="Data.Event1.TestForm.Age (Age).Age.Value" />
        </SubDataShape>
      </DataShape>
    </DataShapes>
    <LabCategory>
      <Category Name="Lab Mapping" Desc="Lab Mapping" IsMultipleInstance="true">
        <Attribute Name="Laboratory" Label="Laboratory" AgeCalculationType="None" />
        <Attribute Name="LAB_ID" Label="Lab ID" AgeCalculationType="None" />
        <Attribute Name="Lab_Name" Label="Lab Name" AgeCalculationType="None" />
        <Attribute Name="Company" Label="Company" AgeCalculationType="None" />
        <Attribute Name="Lab_Address" Label="Lab Address" AgeCalculationType="None" />
        <Attribute Name="Country" Label="Country" AgeCalculationType="None" />
        <Attribute Name="Subject_Lab_Value" Label="Subject Lab Value" AgeCalculationType="None" />
        <Attribute Name="CRF_Collection_Date" Label="CRF Collection Date" AgeCalculationType="None" />
        <Attribute Name="CRF_Lab_Test_Name" Label="CRF Lab Test Name" AgeCalculationType="None" />
        <Attribute Name="Lab_Test_Description" Label="Lab Test Description" AgeCalculationType="None" />
        <Attribute Name="CRF_Lab_Value" Label="CRF Lab Value" AgeCalculationType="None" />
        <Attribute Name="CRF_Lab_Original_Unit" Label="CRF Lab (Original) Unit" AgeCalculationType="None" />
        <Attribute Name="Dictionary_Lab_Test_Properties" Label="Dictionary Lab Test Properties" AgeCalculationType="None" />
        <Attribute Name="Lab_Test_Name" Label="Lab Test Name" AgeCalculationType="None" />
        <Attribute Name="Lab_Test_Code" Label="Lab Test Code" AgeCalculationType="None" />
        <Attribute Name="LOINC_Code" Label="LOINC Code" AgeCalculationType="None" />
        <Attribute Name="Category" Label="Category" AgeCalculationType="None" />
        <Attribute Name="Sub_category" Label="Subcategory" AgeCalculationType="None" />
        <Attribute Name="Specimen" Label="Specimen" AgeCalculationType="None" />
        <Attribute Name="Method" Label="Method" AgeCalculationType="None" />
        <Attribute Name="Result_Type" Label="Result Type" AgeCalculationType="None" />
        <Attribute Name="Reference_Range" Label="Reference Range" AgeCalculationType="None" />
        <Attribute Name="Normal_Reference_Range_Low" Label="Normal Reference Range Low" AgeCalculationType="None" />
        <Attribute Name="Normal_Reference_Range_High" Label="Normal Reference Range High" AgeCalculationType="None" />
        <Attribute Name="Critical_Reference_Range_Low" Label="Critical Reference Range Low" AgeCalculationType="None" />
        <Attribute Name="Critical_Reference_Range_High" Label="Critical Reference Range High" AgeCalculationType="None" />
        <Attribute Name="Reference_Range_Not_Applicable" Label="Reference Range Not Applicable" AgeCalculationType="None" />
        <Attribute Name="Reference_Range_ID" Label="Reference Range ID" AgeCalculationType="None" />
        <Attribute Name="Out_of_Normal_Range_Indicator" Label="Out of Normal Range Indicator" AgeCalculationType="None" />
        <Attribute Name="Normalization" Label="Normalization" AgeCalculationType="None" />
        <Attribute Name="Normalized_Patient_Lab_Value" Label="Normalized Patient Lab Value" AgeCalculationType="None" />
        <Attribute Name="Normalized_Lab_Unit" Label="Normalized Lab Unit" AgeCalculationType="None" />
        <Attribute Name="Normalized_Normal_Reference_Range_Low" Label="Normalized Normal Reference Range Low" AgeCalculationType="None" />
        <Attribute Name="Normalized_Normal_Reference_Range_High" Label="Normalized Normal Reference Range High" AgeCalculationType="None" />
        <Attribute Name="Normalized_Critical_Reference_Range_Low" Label="Normalized Critical Reference Range Low" AgeCalculationType="None" />
        <Attribute Name="Normalized_Critical_Reference_Range_High" Label="Normalized Critical Reference Range High" AgeCalculationType="None" />
        <Attribute Name="Precision" Label="Precision" AgeCalculationType="None" />
        <Attribute Name="Conversion_Factor" Label="Conversion Factor" AgeCalculationType="None" />
      </Category>
      <Category Name="Attribute Mapping" Desc="Attribute Mapping" IsMultipleInstance="false">
        <Attribute Name="GENDER" Label="Gender" AgeCalculationType="None" />
        <Attribute Name="DATE_OF_BIRTH_SELECTION" Label="Date of Birth / Age" AgeCalculationType="None" />
        <Attribute Name="DATE_OF_BIRTH_WHOLEDATE" Label="Date of Birth (Whole Date)" AgeCalculationType="Date of Birth (Whole Date)" />
        <Attribute Name="DATE_OF_BIRTH_DAY" Label="Date of Birth (Day)" AgeCalculationType="Date of Birth (Day, Month, Year)" />
        <Attribute Name="DATE_OF_BIRTH_MONTH" Label="Date of Birth (Month)" AgeCalculationType="Date of Birth (Day, Month, Year)" />
        <Attribute Name="DATE_OF_BIRTH_YEAR" Label="Date of Birth (Year)" AgeCalculationType="Date of Birth (Day, Month, Year)" />
        <Attribute Name="AGE" Label="Age" AgeCalculationType="Age" />
        <Attribute Name="AGE_UNIT" Label="Age Unit" AgeCalculationType="Age" />
      </Category>
    </LabCategory>
    <DictionaryMapping>
      <LabDictionary LabDictionaryName="LabDict1" LabDictionaryLabel="LabDict1" FileName="DataLabsEDC_LabDictionary_GS1New.xlsx" />
      <TestMappings>
        <TestMapping TestName="MRRTEST1" TestDescription="Test1Desc" XCCode_GUID="000008f4-0000-0000-0000-000000000000" XCCodeList_GUID="000000b1-0000-0000-0000-000000000000" Category="" SubCategory="" DisplayinReferenceRange="false" IsValid="true" IsCopied="false" />
        <TestMapping TestName="MRRTEST2" TestDescription="Test2" XCCode_GUID="00000000-0000-0000-0000-000000000000" XCCodeList_GUID="00000000-0000-0000-0000-000000000000" Category="RBC2Cat1" SubCategory="Serum2SC2" DisplayinReferenceRange="false" IsValid="false" IsCopied="false" />
        <TestMapping TestName="MRRTEST3" TestDescription="Test3" XCCode_GUID="00000000-0000-0000-0000-000000000000" XCCodeList_GUID="00000000-0000-0000-0000-000000000000" Category="RBC3" SubCategory="Serum3" DisplayinReferenceRange="false" IsValid="false" IsCopied="false" />
        <TestMapping TestName="MRRTEST4" TestDescription="Test4" XCCode_GUID="00000000-0000-0000-0000-000000000000" XCCodeList_GUID="00000000-0000-0000-0000-000000000000" Category="RBC4" SubCategory="Serum4" DisplayinReferenceRange="false" IsValid="false" IsCopied="false" />
        <TestMapping TestName="MRRTEST5" TestDescription="Test5" XCCode_GUID="00000000-0000-0000-0000-000000000000" XCCodeList_GUID="00000000-0000-0000-0000-000000000000" Category="RBC5" SubCategory="Serum5" DisplayinReferenceRange="false" IsValid="false" IsCopied="false" />
        <TestMapping TestName="MRRTESTLT1" TestDescription="TestLTD1" XCCode_GUID="00000000-0000-0000-0000-000000000000" XCCodeList_GUID="00000000-0000-0000-0000-000000000000" Category="RBC6" SubCategory="Serum6" DisplayinReferenceRange="false" IsValid="false" IsCopied="false" />
        <TestMapping TestName="MRRTEST7" TestDescription="Test7Name" XCCode_GUID="00000000-0000-0000-0000-000000000000" XCCodeList_GUID="00000000-0000-0000-0000-000000000000" Category="RBC7" SubCategory="Serum7" DisplayinReferenceRange="false" IsValid="false" IsCopied="false" />
        <TestMapping TestName="MRRTEST8" TestDescription="Test8" XCCode_GUID="00000000-0000-0000-0000-000000000000" XCCodeList_GUID="00000000-0000-0000-0000-000000000000" Category="RBC8" SubCategory="Serum8" DisplayinReferenceRange="false" IsValid="false" IsCopied="false" />
        <TestMapping TestName="MRRTEST9" TestDescription="Test9" XCCode_GUID="00000000-0000-0000-0000-000000000000" XCCodeList_GUID="00000000-0000-0000-0000-000000000000" Category="RBC9" SubCategory="Serum9" DisplayinReferenceRange="false" IsValid="false" IsCopied="false" />
        <TestMapping TestName="MRRTEST10" TestDescription="Test10" XCCode_GUID="00000000-0000-0000-0000-000000000000" XCCodeList_GUID="00000000-0000-0000-0000-000000000000" Category="RBC10" SubCategory="Serum10" DisplayinReferenceRange="false" IsValid="false" IsCopied="false" />
        <TestMapping TestName="MRRTEST11" TestDescription="Test11" XCCode_GUID="00000000-0000-0000-0000-000000000000" XCCodeList_GUID="00000000-0000-0000-0000-000000000000" Category="RBC11" SubCategory="Serum11" DisplayinReferenceRange="false" IsValid="false" IsCopied="false" />
        <TestMapping TestName="MRRTEST12" TestDescription="Test12" XCCode_GUID="00000000-0000-0000-0000-000000000000" XCCodeList_GUID="00000000-0000-0000-0000-000000000000" Category="RBC12" SubCategory="Serum12" DisplayinReferenceRange="false" IsValid="false" IsCopied="false" />
        <TestMapping TestName="MRRTEST13" TestDescription="Test13" XCCode_GUID="00000000-0000-0000-0000-000000000000" XCCodeList_GUID="00000000-0000-0000-0000-000000000000" Category="RBC13" SubCategory="Serum13" DisplayinReferenceRange="false" IsValid="false" IsCopied="false" />
        <TestMapping TestName="MRRTEST14" TestDescription="Test14" XCCode_GUID="00000000-0000-0000-0000-000000000000" XCCodeList_GUID="00000000-0000-0000-0000-000000000000" Category="RBC14" SubCategory="Serum14" DisplayinReferenceRange="false" IsValid="false" IsCopied="false" />
        <TestMapping TestName="MRRTEST15" TestDescription="Test15" XCCode_GUID="00000000-0000-0000-0000-000000000000" XCCodeList_GUID="00000000-0000-0000-0000-000000000000" Category="Hemo" SubCategory="RBC" DisplayinReferenceRange="true" IsValid="false" IsCopied="false" />
        <TestMapping TestName="MRRTEST17" TestDescription="Test17" XCCode_GUID="00000000-0000-0000-0000-000000000000" XCCodeList_GUID="00000000-0000-0000-0000-000000000000" Category="Hemo" SubCategory="RBC" DisplayinReferenceRange="false" IsValid="false" IsCopied="false" />
        <TestMapping TestName="MRRTEST6" TestDescription="Test6" XCCode_GUID="00000000-0000-0000-0000-000000000000" XCCodeList_GUID="00000000-0000-0000-0000-000000000000" Category="Hemo" SubCategory="RBC" DisplayinReferenceRange="false" IsValid="false" IsCopied="false" />
      </TestMappings>
      <UnitMappings>
        <UnitMapping UnitName="1Unit" UnitDescription="Unit1descName" XCCode_GUID="00000000-0000-0000-0000-000000000000" XCCodeList_GUID="00000000-0000-0000-0000-000000000000" IsValid="false" IsCopied="false" />
        <UnitMapping UnitName="2Unit" UnitDescription="Unit2desc" XCCode_GUID="00000000-0000-0000-0000-000000000000" XCCodeList_GUID="00000000-0000-0000-0000-000000000000" IsValid="false" IsCopied="false" />
        <UnitMapping UnitName="3Unit" UnitDescription="Unit3desc" XCCode_GUID="00000000-0000-0000-0000-000000000000" XCCodeList_GUID="00000000-0000-0000-0000-000000000000" IsValid="false" IsCopied="false" />
        <UnitMapping UnitName="4unit" UnitDescription="Unit4desc" XCCode_GUID="00000000-0000-0000-0000-000000000000" XCCodeList_GUID="00000000-0000-0000-0000-000000000000" IsValid="false" IsCopied="false" />
        <UnitMapping UnitName="5Unit" UnitDescription="Unit5desc" XCCode_GUID="00000000-0000-0000-0000-000000000000" XCCodeList_GUID="00000000-0000-0000-0000-000000000000" IsValid="false" IsCopied="false" />
        <UnitMapping UnitName="6UnitName" UnitDescription="Unit6descName" XCCode_GUID="00000000-0000-0000-0000-000000000000" XCCodeList_GUID="00000000-0000-0000-0000-000000000000" IsValid="false" IsCopied="false" />
        <UnitMapping UnitName="7Unit" UnitDescription="Unit7desc" XCCode_GUID="00000000-0000-0000-0000-000000000000" XCCodeList_GUID="00000000-0000-0000-0000-000000000000" IsValid="false" IsCopied="false" />
        <UnitMapping UnitName="8Unit" UnitDescription="Unit8descName" XCCode_GUID="00000000-0000-0000-0000-000000000000" XCCodeList_GUID="00000000-0000-0000-0000-000000000000" IsValid="false" IsCopied="false" />
        <UnitMapping UnitName="9Unit" UnitDescription="Unit9desc" XCCode_GUID="00000000-0000-0000-0000-000000000000" XCCodeList_GUID="00000000-0000-0000-0000-000000000000" IsValid="false" IsCopied="false" />
        <UnitMapping UnitName="10Unit" UnitDescription="Unit10desc" XCCode_GUID="00000177-0000-0000-0000-000000000000" XCCodeList_GUID="000000b0-0000-0000-0000-000000000000" IsValid="true" IsCopied="false" />
        <UnitMapping UnitName="11Unit" UnitDescription="Unit11desc" XCCode_GUID="00000000-0000-0000-0000-000000000000" XCCodeList_GUID="00000000-0000-0000-0000-000000000000" IsValid="false" IsCopied="false" />
        <UnitMapping UnitName="13unit" UnitDescription="Unit13desc" XCCode_GUID="00000000-0000-0000-0000-000000000000" XCCodeList_GUID="00000000-0000-0000-0000-000000000000" IsValid="false" IsCopied="false" />
        <UnitMapping UnitName="12unit" UnitDescription="Unit12desc" XCCode_GUID="00000000-0000-0000-0000-000000000000" XCCodeList_GUID="00000000-0000-0000-0000-000000000000" IsValid="false" IsCopied="false" />
      </UnitMappings>
    </DictionaryMapping>
  </Mapping>
</Export>