<?xml version="1.0" encoding="utf-8"?>
<Export xmlns:xsd="http://www.w3.org/2001/XMLSchema" xmlns:xsi="http://www.w3.org/2001/XMLSchema-instance" xmlns="http://www.perceptive.com/2010/10/DataLabsXC/Integration/AdvancedExport">
  <Mapping>
    <DataShapes>
      <DataShape Name="TestLabs_Data" Type="Labs">
        <SubDataShape Name="LabAndCodeListGroups" Category="Lab Mapping" IsMultipleInstance="true" DomainName="LabAndCodeListGroups">
          <DataReference Name="LAB_ID" Label="Lab ID" Value="Data.*.*.*.LabID.Value" SortOrder="2" MappingType="D" LabelString="Data.*.*.*.LabID.Value" />
          <DataReference Name="Lab_Name" Label="Lab Name" Value="Data.*.*.*.LabName.Value" SortOrder="3" MappingType="D" LabelString="Data.*.*.*.LabName.Value" />
          <DataReference Name="Company" Label="Company" Value="Data.*.*.*.Company.Value" SortOrder="4" MappingType="D" LabelString="Data.*.*.*.Company.Value" />
          <DataReference Name="Lab_Address" Label="Lab Address" Value="Data.*.*.*.LabAddress.Value" SortOrder="5" MappingType="D" LabelString="Data.*.*.*.LabAddress.Value" />
          <DataReference Name="Country" Label="Country" Value="Data.*.*.*.LabCountry.Value" SortOrder="6" MappingType="D" LabelString="Data.*.*.*.LabCountry.Value" />
          <DataReference Name="CRF_Collection_Date" Label="CRF Collection Date" Value="Data.*.*.*.CRFCollectionDate.Value" SortOrder="8" MappingType="D" LabelString="Data.*.*.*.CRFCollectionDate.Value" />
          <DataReference Name="CRF_Lab_Test_Name" Label="CRF Lab Test Name" Value="Data.*.*.*.CRFLabTestName.Value" SortOrder="9" MappingType="D" LabelString="Data.*.*.*.CRFLabTestName.Value" />
          <DataReference Name="Lab_Test_Description" Label="Lab Test Description" Value="Data.*.*.*.CRFLabDescription.Value" SortOrder="10" MappingType="D" LabelString="Data.*.*.*.CRFLabDescription.Value" />
          <DataReference Name="CRF_Lab_Value" Label="CRF Lab Value" Value="Data.*.*.*.CRFLabValue.Value" SortOrder="11" MappingType="D" LabelString="Data.*.*.*.CRFLabValue.Value" />
          <DataReference Name="CRF_Lab_Original_Unit" Label="CRF Lab (Original) Unit" Value="Data.*.*.*.CRFLabUnit.Value" SortOrder="12" MappingType="D" LabelString="Data.*.*.*.CRFLabUnit.Value" />
          <DataReference Name="Lab_Test_Name" Label="Lab Test Name" Value="Data.*.*.*.LabTestName.Value" SortOrder="14" MappingType="D" LabelString="Data.*.*.*.LabTestName.Value" />
          <DataReference Name="Lab_Test_Code" Label="Lab Test Code" Value="Data.*.*.*.LabTestCode.Value" SortOrder="15" MappingType="D" LabelString="Data.*.*.*.LabTestCode.Value" />
          <DataReference Name="LOINC_Code" Label="LOINC Code" Value="Data.*.*.*.LOINCCode.Value" SortOrder="17" MappingType="D" LabelString="Data.*.*.*.LOINCCode.Value" />
          <DataReference Name="Category" Label="Category" Value="Data.*.*.*.Category.Value" SortOrder="18" MappingType="D" LabelString="Data.*.*.*.Category.Value" />
          <DataReference Name="Sub_category" Label="Subcategory" Value="Data.*.*.*.SubCategory.Value" SortOrder="19" MappingType="D" LabelString="Data.*.*.*.SubCategory.Value" />
          <DataReference Name="Specimen" Label="Specimen" Value="Data.*.*.*.Specimen.Value" SortOrder="20" MappingType="D" LabelString="Data.*.*.*.Specimen.Value" />
          <DataReference Name="Method" Label="Method" Value="Data.*.*.*.Method.Value" SortOrder="21" MappingType="D" LabelString="Data.*.*.*.Method.Value" />
          <DataReference Name="Result_Type" Label="Result Type" Value="Data.*.*.*.ResultType.Value" SortOrder="22" MappingType="D" LabelString="Data.*.*.*.ResultType.Value" />
          <DataReference Name="Normal_Reference_Range_Low" Label="Normal Reference Range Low" Value="Data.*.*.*.NormalReferenceRangeLow.Value" SortOrder="24" MappingType="D" LabelString="Data.*.*.*.NormalReferenceRangeLow.Value" />
          <DataReference Name="Normal_Reference_Range_High" Label="Normal Reference Range High" Value="Data.*.*.*.NormlReferenceRangeHigh.Value" SortOrder="25" MappingType="D" LabelString="Data.*.*.*.NormlReferenceRangeHigh.Value" />
          <DataReference Name="Critical_Reference_Range_Low" Label="Critical Reference Range Low" Value="Data.*.*.*.CriticalReferenceRangeLow.Value" SortOrder="26" MappingType="D" LabelString="Data.*.*.*.CriticalReferenceRangeLow.Value" />
          <DataReference Name="Critical_Reference_Range_High" Label="Critical Reference Range High" Value="Data.*.*.*.CriticalreferenceRangeHigh.Value" SortOrder="27" MappingType="D" LabelString="Data.*.*.*.CriticalreferenceRangeHigh.Value" />
          <DataReference Name="Reference_Range_Not_Applicable" Label="Reference Range Not Applicable" Value="Data.*.*.*.ReferenceRangeNotApplicable.Value" SortOrder="28" MappingType="D" LabelString="Data.*.*.*.ReferenceRangeNotApplicable.Value" />
          <DataReference Name="Reference_Range_ID" Label="Reference Range ID" Value="Data.*.*.*.ReferenceRangeID.Value" SortOrder="29" MappingType="D" LabelString="Data.*.*.*.ReferenceRangeID.Value" />
          <DataReference Name="Out_of_Normal_Range_Indicator" Label="Out of Normal Range Indicator" Value="Data.*.*.*.OutofNormalRangeIndicator.Value" SortOrder="30" MappingType="D" LabelString="Data.*.*.*.OutofNormalRangeIndicator.Value" />
          <DataReference Name="Normalized_Patient_Lab_Value" Label="Normalized Patient Lab Value" Value="Data.*.*.*.NormalizedPatientLabValue.Value" SortOrder="32" MappingType="D" LabelString="Data.*.*.*.NormalizedPatientLabValue.Value" />
          <DataReference Name="Normalized_Lab_Unit" Label="Normalized Lab Unit" Value="Data.*.*.*.NormalizedLabUnit.Value" SortOrder="33" MappingType="D" LabelString="Data.*.*.*.NormalizedLabUnit.Value" />
          <DataReference Name="Normalized_Normal_Reference_Range_Low" Label="Normalized Normal Reference Range Low" Value="Data.*.*.*.NormalizedNormalReferenceRangeLow.Value" SortOrder="34" MappingType="D" LabelString="Data.*.*.*.NormalizedNormalReferenceRangeLow.Value" />
          <DataReference Name="Normalized_Normal_Reference_Range_High" Label="Normalized Normal Reference Range High" Value="Data.*.*.*.NormalizedNormalReferenceRangeHigh.Value" SortOrder="35" MappingType="D" LabelString="Data.*.*.*.NormalizedNormalReferenceRangeHigh.Value" />
          <DataReference Name="Normalized_Critical_Reference_Range_Low" Label="Normalized Critical Reference Range Low" Value="Data.*.*.*.NormalizedCriticalreferenceRangeLow.Value" SortOrder="36" MappingType="D" LabelString="Data.*.*.*.NormalizedCriticalreferenceRangeLow.Value" />
          <DataReference Name="Normalized_Critical_Reference_Range_High" Label="Normalized Critical Reference Range High" Value="Data.*.*.*.NormalizedCriticalReferenceRangeHig.Value" SortOrder="37" MappingType="D" LabelString="Data.*.*.*.NormalizedCriticalReferenceRangeHig.Value" />
          <DataReference Name="Precision" Label="Precision" Value="Data.*.*.*.Precision.Value" SortOrder="38" MappingType="D" LabelString="Data.*.*.*.Precision.Value" />
          <DataReference Name="Conversion_Factor" Label="Conversion Factor" Value="Data.*.*.*.ConversionFactor.Value" SortOrder="39" MappingType="D" LabelString="Data.*.*.*.ConversionFactor.Value" />
        </SubDataShape>
        <SubDataShape Name="LabDomain2" Category="Lab Mapping" IsMultipleInstance="true" DomainName="LabDomain2">
          <DataReference Name="LAB_ID" Label="Lab ID" Value="Data.*.*.*.LabID2.Value" SortOrder="2" MappingType="D" LabelString="Data.*.*.*.LabID2.Value" />
          <DataReference Name="Lab_Name" Label="Lab Name" Value="Data.*.*.*.LabName2.Value" SortOrder="3" MappingType="D" LabelString="Data.*.*.*.LabName2.Value" />
          <DataReference Name="Company" Label="Company" Value="Data.*.*.*.Company2.Value" SortOrder="4" MappingType="D" LabelString="Data.*.*.*.Company2.Value" />
          <DataReference Name="Lab_Address" Label="Lab Address" Value="Data.*.*.*.LabAddress2.Value" SortOrder="5" MappingType="D" LabelString="Data.*.*.*.LabAddress2.Value" />
          <DataReference Name="Country" Label="Country" Value="Data.*.*.*.Country2.Value" SortOrder="6" MappingType="D" LabelString="Data.*.*.*.Country2.Value" />
          <DataReference Name="CRF_Collection_Date" Label="CRF Collection Date" Value="Data.*.*.*.CRFCollectionDate2.Value" SortOrder="8" MappingType="D" LabelString="Data.*.*.*.CRFCollectionDate2.Value" />
          <DataReference Name="CRF_Lab_Test_Name" Label="CRF Lab Test Name" Value="Data.*.*.*.CRFLabTestName2.Value" SortOrder="9" MappingType="D" LabelString="Data.*.*.*.CRFLabTestName2.Value" />
          <DataReference Name="Lab_Test_Description" Label="Lab Test Description" Value="" SortOrder="10" LabelString="" />
          <DataReference Name="CRF_Lab_Value" Label="CRF Lab Value" Value="Data.*.*.*.CRFLabValue2.Value" SortOrder="11" MappingType="D" LabelString="Data.*.*.*.CRFLabValue2.Value" />
          <DataReference Name="CRF_Lab_Original_Unit" Label="CRF Lab (Original) Unit" Value="Data.*.*.*.CRFLabUnit2.Value" SortOrder="12" MappingType="D" LabelString="Data.*.*.*.CRFLabUnit2.Value" />
          <DataReference Name="Lab_Test_Name" Label="Lab Test Name" Value="" SortOrder="14" LabelString="" />
          <DataReference Name="Lab_Test_Code" Label="Lab Test Code" Value="" SortOrder="15" LabelString="" />
          <DataReference Name="LOINC_Code" Label="LOINC Code" Value="" SortOrder="17" LabelString="" />
          <DataReference Name="Category" Label="Category" Value="" SortOrder="18" LabelString="" />
          <DataReference Name="Sub_category" Label="Subcategory" Value="" SortOrder="19" LabelString="" />
          <DataReference Name="Specimen" Label="Specimen" Value="" SortOrder="20" LabelString="" />
          <DataReference Name="Method" Label="Method" Value="" SortOrder="21" LabelString="" />
          <DataReference Name="Result_Type" Label="Result Type" Value="" SortOrder="22" LabelString="" />
          <DataReference Name="Normal_Reference_Range_Low" Label="Normal Reference Range Low" Value="Data.*.*.*.NRRL2.Value" SortOrder="24" MappingType="D" LabelString="Data.*.*.*.NRRL2.Value" />
          <DataReference Name="Normal_Reference_Range_High" Label="Normal Reference Range High" Value="Data.*.*.*.NRRH2.Value" SortOrder="25" MappingType="D" LabelString="Data.*.*.*.NRRH2.Value" />
          <DataReference Name="Critical_Reference_Range_Low" Label="Critical Reference Range Low" Value="Data.*.*.*.CRRL2.Value" SortOrder="26" MappingType="D" LabelString="Data.*.*.*.CRRL2.Value" />
          <DataReference Name="Critical_Reference_Range_High" Label="Critical Reference Range High" Value="Data.*.*.*.CRRH2.Value" SortOrder="27" MappingType="D" LabelString="Data.*.*.*.CRRH2.Value" />
          <DataReference Name="Reference_Range_Not_Applicable" Label="Reference Range Not Applicable" Value="" SortOrder="28" LabelString="" />
          <DataReference Name="Reference_Range_ID" Label="Reference Range ID" Value="" SortOrder="29" LabelString="" />
          <DataReference Name="Out_of_Normal_Range_Indicator" Label="Out of Normal Range Indicator" Value="" SortOrder="30" LabelString="" />
          <DataReference Name="Normalized_Patient_Lab_Value" Label="Normalized Patient Lab Value" Value="" SortOrder="32" LabelString="" />
          <DataReference Name="Normalized_Lab_Unit" Label="Normalized Lab Unit" Value="" SortOrder="33" LabelString="" />
          <DataReference Name="Normalized_Normal_Reference_Range_Low" Label="Normalized Normal Reference Range Low" Value="" SortOrder="34" LabelString="" />
          <DataReference Name="Normalized_Normal_Reference_Range_High" Label="Normalized Normal Reference Range High" Value="" SortOrder="35" LabelString="" />
          <DataReference Name="Normalized_Critical_Reference_Range_Low" Label="Normalized Critical Reference Range Low" Value="" SortOrder="36" LabelString="" />
          <DataReference Name="Normalized_Critical_Reference_Range_High" Label="Normalized Critical Reference Range High" Value="" SortOrder="37" LabelString="" />
          <DataReference Name="Precision" Label="Precision" Value="" SortOrder="38" LabelString="" />
          <DataReference Name="Conversion_Factor" Label="Conversion Factor" Value="" SortOrder="39" LabelString="" />
        </SubDataShape>
        <SubDataShape Name="Attribute Mapping" Category="Attribute Mapping" IsMultipleInstance="false">
          <DataReference Name="GENDER" Label="Gender" Value="Data.Screening.DEMO_RTSM.SEX_1.SEX.Value" SortOrder="1" MappingType="M" LabelString="Data.Visit (Screening).Demographics RTSM.SEX_1 (Gender:).SEX.Value">
            <CodeListMappings SourceCodeListName="SEX" StandardCodeListName="GENDER_LAB">
              <CodeListMapping SourceItemName="Male" StandardItemName="Male" />
              <CodeListMapping SourceItemName="Female" StandardItemName="Female" />
              <CodeListMapping SourceItemName="[Blank]" StandardItemName="Not Specified" />
            </CodeListMappings>
          </DataReference>
          <DataReference Name="DATE_OF_BIRTH_SELECTION" Label="Date of Birth / Age" Value="Age" SortOrder="2" MappingType="D" LabelString="Age" />
          <DataReference Name="AGE" Label="Age" Value="Data.Screening.DEMO_RTSM.AGE_1.AGE.Value" SortOrder="7" MappingType="M" LabelString="Data.Visit (Screening).Demographics RTSM.AGE_1 (Age at Study Start:).AGE.Value" />
          <DataReference Name="AGE_UNIT" Label="Age Unit" Value="Data.Screening.DEMO_RTSM.AGEU_1.AGEU.Value" SortOrder="8" MappingType="M" LabelString="Data.Visit (Screening).Demographics RTSM.AGEU_1 (Age Units at Study Start:).AGEU.Value">
            <CodeListMappings SourceCodeListName="AgeUnit" StandardCodeListName="AGE_UNIT_LAB">
              <CodeListMapping SourceItemName="Months" StandardItemName="Months" />
              <CodeListMapping SourceItemName="Days" StandardItemName="Days" />
              <CodeListMapping SourceItemName="Years" StandardItemName="Years" />
            </CodeListMappings>
          </DataReference>
        </SubDataShape>
      </DataShape>
    </DataShapes>
    <LabCategory>
      <Category Name="Lab Mapping" Desc="Lab Mapping" IsMultipleInstance="true">
        <Attribute Name="Laboratory" Label="Laboratory" AgeCalculationType="None" />
        <Attribute Name="LAB_ID" Label="Lab ID" AgeCalculationType="None" />
        <Attribute Name="Lab_Name" Label="Lab Name" AgeCalculationType="None" />
        <Attribute Name="Company" Label="Company" AgeCalculationType="None" />
        <Attribute Name="Lab_Address" Label="Lab Address" AgeCalculationType="None" />
        <Attribute Name="Country" Label="Country" AgeCalculationType="None" />
        <Attribute Name="Subject_Lab_Value" Label="Subject Lab Value" AgeCalculationType="None" />
        <Attribute Name="CRF_Collection_Date" Label="CRF Collection Date" AgeCalculationType="None" />
        <Attribute Name="CRF_Lab_Test_Name" Label="CRF Lab Test Name" AgeCalculationType="None" />
        <Attribute Name="Lab_Test_Description" Label="Lab Test Description" AgeCalculationType="None" />
        <Attribute Name="CRF_Lab_Value" Label="CRF Lab Value" AgeCalculationType="None" />
        <Attribute Name="CRF_Lab_Original_Unit" Label="CRF Lab (Original) Unit" AgeCalculationType="None" />
        <Attribute Name="Dictionary_Lab_Test_Properties" Label="Dictionary Lab Test Properties" AgeCalculationType="None" />
        <Attribute Name="Lab_Test_Name" Label="Lab Test Name" AgeCalculationType="None" />
        <Attribute Name="Lab_Test_Code" Label="Lab Test Code" AgeCalculationType="None" />
        <Attribute Name="LOINC_Code" Label="LOINC Code" AgeCalculationType="None" />
        <Attribute Name="Category" Label="Category" AgeCalculationType="None" />
        <Attribute Name="Sub_category" Label="Subcategory" AgeCalculationType="None" />
        <Attribute Name="Specimen" Label="Specimen" AgeCalculationType="None" />
        <Attribute Name="Method" Label="Method" AgeCalculationType="None" />
        <Attribute Name="Result_Type" Label="Result Type" AgeCalculationType="None" />
        <Attribute Name="Reference_Range" Label="Reference Range" AgeCalculationType="None" />
        <Attribute Name="Normal_Reference_Range_Low" Label="Normal Reference Range Low" AgeCalculationType="None" />
        <Attribute Name="Normal_Reference_Range_High" Label="Normal Reference Range High" AgeCalculationType="None" />
        <Attribute Name="Critical_Reference_Range_Low" Label="Critical Reference Range Low" AgeCalculationType="None" />
        <Attribute Name="Critical_Reference_Range_High" Label="Critical Reference Range High" AgeCalculationType="None" />
        <Attribute Name="Reference_Range_Not_Applicable" Label="Reference Range Not Applicable" AgeCalculationType="None" />
        <Attribute Name="Reference_Range_ID" Label="Reference Range ID" AgeCalculationType="None" />
        <Attribute Name="Out_of_Normal_Range_Indicator" Label="Out of Normal Range Indicator" AgeCalculationType="None" />
        <Attribute Name="Normalization" Label="Normalization" AgeCalculationType="None" />
        <Attribute Name="Normalized_Patient_Lab_Value" Label="Normalized Patient Lab Value" AgeCalculationType="None" />
        <Attribute Name="Normalized_Lab_Unit" Label="Normalized Lab Unit" AgeCalculationType="None" />
        <Attribute Name="Normalized_Normal_Reference_Range_Low" Label="Normalized Normal Reference Range Low" AgeCalculationType="None" />
        <Attribute Name="Normalized_Normal_Reference_Range_High" Label="Normalized Normal Reference Range High" AgeCalculationType="None" />
        <Attribute Name="Normalized_Critical_Reference_Range_Low" Label="Normalized Critical Reference Range Low" AgeCalculationType="None" />
        <Attribute Name="Normalized_Critical_Reference_Range_High" Label="Normalized Critical Reference Range High" AgeCalculationType="None" />
        <Attribute Name="Precision" Label="Precision" AgeCalculationType="None" />
        <Attribute Name="Conversion_Factor" Label="Conversion Factor" AgeCalculationType="None" />
      </Category>
      <Category Name="Attribute Mapping" Desc="Attribute Mapping" IsMultipleInstance="false">
        <Attribute Name="GENDER" Label="Gender" AgeCalculationType="None" />
        <Attribute Name="DATE_OF_BIRTH_SELECTION" Label="Date of Birth / Age" AgeCalculationType="None" />
        <Attribute Name="DATE_OF_BIRTH_WHOLEDATE" Label="Date of Birth (Whole Date)" AgeCalculationType="Date of Birth (Whole Date)" />
        <Attribute Name="DATE_OF_BIRTH_DAY" Label="Date of Birth (Day)" AgeCalculationType="Date of Birth (Day, Month, Year)" />
        <Attribute Name="DATE_OF_BIRTH_MONTH" Label="Date of Birth (Month)" AgeCalculationType="Date of Birth (Day, Month, Year)" />
        <Attribute Name="DATE_OF_BIRTH_YEAR" Label="Date of Birth (Year)" AgeCalculationType="Date of Birth (Day, Month, Year)" />
        <Attribute Name="AGE" Label="Age" AgeCalculationType="Age" />
        <Attribute Name="AGE_UNIT" Label="Age Unit" AgeCalculationType="Age" />
      </Category>
    </LabCategory>
    <DictionaryMapping>
      <LabDictionary LabDictionaryName="TestDictionary" LabDictionaryLabel="TestDictionary" FileName="DataLabsEDC_LabDictionary_LabDictionary_TestDictionary.xlsx" />
      <TestMappings>
        <TestMapping TestName="WBC" TestDescription="WBC" XCCode_GUID="00000761-0000-0000-0000-000000000000" XCCodeList_GUID="00000162-0000-0000-0000-000000000000" Category="Cat1" SubCategory="SubCat1" DisplayinReferenceRange="true" IsValid="true" IsCopied="false" />
        <TestMapping TestName="RBC" TestDescription="RBC" XCCode_GUID="00000762-0000-0000-0000-000000000000" XCCodeList_GUID="00000162-0000-0000-0000-000000000000" Category="Cat2" SubCategory="SubCat2" DisplayinReferenceRange="true" IsValid="true" IsCopied="false" />
        <TestMapping TestName="Haemoglobin" TestDescription="Haemoglobin" XCCode_GUID="00000763-0000-0000-0000-000000000000" XCCodeList_GUID="00000162-0000-0000-0000-000000000000" Category="Cat3" SubCategory="SubCat3" DisplayinReferenceRange="true" IsValid="true" IsCopied="false" />
        <TestMapping TestName="Hematocrit" TestDescription="Hematocrit" XCCode_GUID="00000764-0000-0000-0000-000000000000" XCCodeList_GUID="00000162-0000-0000-0000-000000000000" Category="Cat4" SubCategory="SubCat4" DisplayinReferenceRange="true" IsValid="true" IsCopied="false" />
        <TestMapping TestName="MCV" TestDescription="MCV" XCCode_GUID="00000765-0000-0000-0000-000000000000" XCCodeList_GUID="00000162-0000-0000-0000-000000000000" Category="Cat5" SubCategory="SubCat5" DisplayinReferenceRange="true" IsValid="true" IsCopied="false" />
        <TestMapping TestName="MCH" TestDescription="MCH" XCCode_GUID="00000766-0000-0000-0000-000000000000" XCCodeList_GUID="00000162-0000-0000-0000-000000000000" Category="Cat6" SubCategory="SubCat6" DisplayinReferenceRange="true" IsValid="true" IsCopied="false" />
        <TestMapping TestName="MCHC" TestDescription="MCHC" XCCode_GUID="00000767-0000-0000-0000-000000000000" XCCodeList_GUID="00000162-0000-0000-0000-000000000000" Category="Cat7" SubCategory="SubCat7" DisplayinReferenceRange="true" IsValid="true" IsCopied="false" />
        <TestMapping TestName="RDW" TestDescription="RDW" XCCode_GUID="00000768-0000-0000-0000-000000000000" XCCodeList_GUID="00000162-0000-0000-0000-000000000000" Category="Cat8" SubCategory="SubCat8" DisplayinReferenceRange="true" IsValid="true" IsCopied="false" />
        <TestMapping TestName="Platelet" TestDescription="Platelet" XCCode_GUID="00000769-0000-0000-0000-000000000000" XCCodeList_GUID="00000162-0000-0000-0000-000000000000" Category="Cat9" SubCategory="SubCat9" DisplayinReferenceRange="true" IsValid="true" IsCopied="false" />
        <TestMapping TestName="MPV" TestDescription="MPV" XCCode_GUID="0000076a-0000-0000-0000-000000000000" XCCodeList_GUID="00000162-0000-0000-0000-000000000000" Category="Cat10" SubCategory="SubCat10" DisplayinReferenceRange="true" IsValid="true" IsCopied="false" />
        <TestMapping TestName="Neutrophils Percent" TestDescription="Neutrophils Percent" XCCode_GUID="0000076b-0000-0000-0000-000000000000" XCCodeList_GUID="00000162-0000-0000-0000-000000000000" Category="Cat11" SubCategory="SubCat11" DisplayinReferenceRange="true" IsValid="true" IsCopied="false" />
        <TestMapping TestName="Neutrophils, Absolute" TestDescription="Neutrophils, Absolute" XCCode_GUID="0000076c-0000-0000-0000-000000000000" XCCodeList_GUID="00000162-0000-0000-0000-000000000000" Category="Cat12" SubCategory="SubCat12" DisplayinReferenceRange="true" IsValid="true" IsCopied="false" />
        <TestMapping TestName="Lymphocytes Percent" TestDescription="Lymphocytes Percent" XCCode_GUID="0000076d-0000-0000-0000-000000000000" XCCodeList_GUID="00000162-0000-0000-0000-000000000000" Category="Cat13" SubCategory="SubCat13" DisplayinReferenceRange="true" IsValid="true" IsCopied="false" />
        <TestMapping TestName="Lymphocytes, Absolute" TestDescription="Lymphocytes, Absolute" XCCode_GUID="0000076e-0000-0000-0000-000000000000" XCCodeList_GUID="00000162-0000-0000-0000-000000000000" Category="Cat14" SubCategory="SubCat14" DisplayinReferenceRange="true" IsValid="true" IsCopied="false" />
        <TestMapping TestName="Monocytes Percent" TestDescription="Monocytes Percent" XCCode_GUID="0000076f-0000-0000-0000-000000000000" XCCodeList_GUID="00000162-0000-0000-0000-000000000000" Category="Cat15" SubCategory="SubCat15" DisplayinReferenceRange="true" IsValid="true" IsCopied="false" />
        <TestMapping TestName="Monocytes, Absolute" TestDescription="Monocytes, Absolute" XCCode_GUID="00000770-0000-0000-0000-000000000000" XCCodeList_GUID="00000162-0000-0000-0000-000000000000" Category="Cat16" SubCategory="SubCat16" DisplayinReferenceRange="true" IsValid="true" IsCopied="false" />
        <TestMapping TestName="Eosinophils Percent" TestDescription="Eosinophils Percent" XCCode_GUID="00000771-0000-0000-0000-000000000000" XCCodeList_GUID="00000162-0000-0000-0000-000000000000" Category="Cat17" SubCategory="SubCat17" DisplayinReferenceRange="true" IsValid="true" IsCopied="false" />
        <TestMapping TestName="Eosinophils, Absolute" TestDescription="Eosinophils, Absolute" XCCode_GUID="00000772-0000-0000-0000-000000000000" XCCodeList_GUID="00000162-0000-0000-0000-000000000000" Category="Cat18" SubCategory="SubCat18" DisplayinReferenceRange="true" IsValid="true" IsCopied="false" />
        <TestMapping TestName="Basophils Percent" TestDescription="Basophils Percent" XCCode_GUID="00000773-0000-0000-0000-000000000000" XCCodeList_GUID="00000162-0000-0000-0000-000000000000" Category="Cat19" SubCategory="SubCat19" DisplayinReferenceRange="true" IsValid="true" IsCopied="false" />
        <TestMapping TestName="Basophils, Absolute" TestDescription="Basophils, Absolute" XCCode_GUID="00000774-0000-0000-0000-000000000000" XCCodeList_GUID="00000162-0000-0000-0000-000000000000" Category="Cat20" SubCategory="SubCat20" DisplayinReferenceRange="true" IsValid="true" IsCopied="false" />
        <TestMapping TestName="Immature Granulocytes (IG) Percent" TestDescription="Immature Granulocytes (IG) Percent" XCCode_GUID="00000775-0000-0000-0000-000000000000" XCCodeList_GUID="00000162-0000-0000-0000-000000000000" Category="Cat21" SubCategory="SubCat21" DisplayinReferenceRange="true" IsValid="true" IsCopied="false" />
        <TestMapping TestName="Immature Granulocytes (IG) Absolute" TestDescription="Immature Granulocytes (IG) Absolute" XCCode_GUID="00000776-0000-0000-0000-000000000000" XCCodeList_GUID="00000162-0000-0000-0000-000000000000" Category="Cat22" SubCategory="SubCat22" DisplayinReferenceRange="true" IsValid="true" IsCopied="false" />
        <TestMapping TestName="NRBC Percent (NRBC/100 WBC)" TestDescription="NRBC Percent (NRBC/100 WBC)" XCCode_GUID="00000777-0000-0000-0000-000000000000" XCCodeList_GUID="00000162-0000-0000-0000-000000000000" Category="Cat23" SubCategory="SubCat23" DisplayinReferenceRange="true" IsValid="true" IsCopied="false" />
        <TestMapping TestName="NRBC Absolute" TestDescription="NRBC Absolute" XCCode_GUID="00000778-0000-0000-0000-000000000000" XCCodeList_GUID="00000162-0000-0000-0000-000000000000" Category="Cat24" SubCategory="SubCat24" DisplayinReferenceRange="true" IsValid="true" IsCopied="false" />
        <TestMapping TestName="Blasts" TestDescription="Blasts" XCCode_GUID="00000779-0000-0000-0000-000000000000" XCCodeList_GUID="00000162-0000-0000-0000-000000000000" Category="Cat25" SubCategory="SubCat25" DisplayinReferenceRange="true" IsValid="true" IsCopied="false" />
        <TestMapping TestName="Reticulocyte Percent" TestDescription="Reticulocyte Percent" XCCode_GUID="0000077a-0000-0000-0000-000000000000" XCCodeList_GUID="00000162-0000-0000-0000-000000000000" Category="Cat26" SubCategory="SubCat26" DisplayinReferenceRange="true" IsValid="true" IsCopied="false" />
        <TestMapping TestName="Reticulocyte Absolute" TestDescription="Reticulocyte Absolute" XCCode_GUID="0000077b-0000-0000-0000-000000000000" XCCodeList_GUID="00000162-0000-0000-0000-000000000000" Category="Cat27" SubCategory="SubCat27" DisplayinReferenceRange="true" IsValid="true" IsCopied="false" />
        <TestMapping TestName="Immature Reticulocyte Fraction (IRF)" TestDescription="Immature Reticulocyte Fraction (IRF)" XCCode_GUID="0000077c-0000-0000-0000-000000000000" XCCodeList_GUID="00000162-0000-0000-0000-000000000000" Category="Cat28" SubCategory="SubCat28" DisplayinReferenceRange="true" IsValid="true" IsCopied="false" />
        <TestMapping TestName="Reticulocyte Hemoglobin (RET-He)" TestDescription="Reticulocyte Hemoglobin (RET-He)" XCCode_GUID="0000077d-0000-0000-0000-000000000000" XCCodeList_GUID="00000162-0000-0000-0000-000000000000" Category="Cat29" SubCategory="SubCat29" DisplayinReferenceRange="true" IsValid="true" IsCopied="false" />
        <TestMapping TestName="Immature Platelet" TestDescription="Immature Platelet" XCCode_GUID="0000077e-0000-0000-0000-000000000000" XCCodeList_GUID="00000162-0000-0000-0000-000000000000" Category="Cat30" SubCategory="SubCat30" DisplayinReferenceRange="true" IsValid="true" IsCopied="false" />
        <TestMapping TestName="Immature Platelet Fraction Absolute" TestDescription="Immature Platelet Fraction Absolute" XCCode_GUID="0000077f-0000-0000-0000-000000000000" XCCodeList_GUID="00000162-0000-0000-0000-000000000000" Category="Cat31" SubCategory="SubCat31" DisplayinReferenceRange="true" IsValid="true" IsCopied="false" />
        <TestMapping TestName="ESR" TestDescription="ESR" XCCode_GUID="00000780-0000-0000-0000-000000000000" XCCodeList_GUID="00000162-0000-0000-0000-000000000000" Category="Cat32" SubCategory="SubCat32" DisplayinReferenceRange="true" IsValid="true" IsCopied="false" />
        <TestMapping TestName="CSF" TestDescription="CSF" XCCode_GUID="00000781-0000-0000-0000-000000000000" XCCodeList_GUID="00000162-0000-0000-0000-000000000000" Category="Cat33" SubCategory="SubCat33" DisplayinReferenceRange="true" IsValid="true" IsCopied="false" />
        <TestMapping TestName="Additional Test1" TestDescription="Additional Test1" XCCode_GUID="00000782-0000-0000-0000-000000000000" XCCodeList_GUID="00000162-0000-0000-0000-000000000000" Category="Cat34" SubCategory="SubCat34" DisplayinReferenceRange="true" IsValid="true" IsCopied="false" />
        <TestMapping TestName="Additional Test2" TestDescription="Additional Test2" XCCode_GUID="00000783-0000-0000-0000-000000000000" XCCodeList_GUID="00000162-0000-0000-0000-000000000000" Category="Cat35" SubCategory="SubCat35" DisplayinReferenceRange="true" IsValid="true" IsCopied="false" />
        <TestMapping TestName="Additional Test3" TestDescription="Additional Test3" XCCode_GUID="00000784-0000-0000-0000-000000000000" XCCodeList_GUID="00000162-0000-0000-0000-000000000000" Category="Cat36" SubCategory="SubCat36" DisplayinReferenceRange="true" IsValid="true" IsCopied="false" />
        <TestMapping TestName="Additional Test4" TestDescription="Additional Test4" XCCode_GUID="00000785-0000-0000-0000-000000000000" XCCodeList_GUID="00000162-0000-0000-0000-000000000000" Category="Cat37" SubCategory="SubCat37" DisplayinReferenceRange="true" IsValid="true" IsCopied="false" />
        <TestMapping TestName="Additional Test5" TestDescription="Additional Test5" XCCode_GUID="00000786-0000-0000-0000-000000000000" XCCodeList_GUID="00000162-0000-0000-0000-000000000000" Category="Cat38" SubCategory="SubCat38" DisplayinReferenceRange="true" IsValid="true" IsCopied="false" />
        <TestMapping TestName="Additional Test6" TestDescription="Additional Test6" XCCode_GUID="00000787-0000-0000-0000-000000000000" XCCodeList_GUID="00000162-0000-0000-0000-000000000000" Category="Cat39" SubCategory="SubCat39" DisplayinReferenceRange="true" IsValid="true" IsCopied="false" />
        <TestMapping TestName="Additional Test7" TestDescription="Additional Test7" XCCode_GUID="00000788-0000-0000-0000-000000000000" XCCodeList_GUID="00000162-0000-0000-0000-000000000000" Category="Cat40" SubCategory="SubCat40" DisplayinReferenceRange="true" IsValid="true" IsCopied="false" />
        <TestMapping TestName="Additional Test8" TestDescription="Additional Test8" XCCode_GUID="00000789-0000-0000-0000-000000000000" XCCodeList_GUID="00000162-0000-0000-0000-000000000000" Category="Cat41" SubCategory="SubCat41" DisplayinReferenceRange="true" IsValid="true" IsCopied="false" />
        <TestMapping TestName="Additional Test9" TestDescription="Additional Test9" XCCode_GUID="0000078a-0000-0000-0000-000000000000" XCCodeList_GUID="00000162-0000-0000-0000-000000000000" Category="Cat42" SubCategory="SubCat42" DisplayinReferenceRange="true" IsValid="true" IsCopied="false" />
        <TestMapping TestName="Additional Test10" TestDescription="Additional Test10" XCCode_GUID="0000078b-0000-0000-0000-000000000000" XCCodeList_GUID="00000162-0000-0000-0000-000000000000" Category="Cat43" SubCategory="SubCat43" DisplayinReferenceRange="true" IsValid="true" IsCopied="false" />
        <TestMapping TestName="Additional Test11" TestDescription="Additional Test11" XCCode_GUID="0000078c-0000-0000-0000-000000000000" XCCodeList_GUID="00000162-0000-0000-0000-000000000000" Category="Cat44" SubCategory="SubCat44" DisplayinReferenceRange="true" IsValid="true" IsCopied="false" />
        <TestMapping TestName="Additional Test12" TestDescription="Additional Test12" XCCode_GUID="0000078d-0000-0000-0000-000000000000" XCCodeList_GUID="00000162-0000-0000-0000-000000000000" Category="Cat45" SubCategory="SubCat45" DisplayinReferenceRange="true" IsValid="true" IsCopied="false" />
        <TestMapping TestName="Additional Test13" TestDescription="Additional Test13" XCCode_GUID="0000078e-0000-0000-0000-000000000000" XCCodeList_GUID="00000162-0000-0000-0000-000000000000" Category="Cat46" SubCategory="SubCat46" DisplayinReferenceRange="true" IsValid="true" IsCopied="false" />
        <TestMapping TestName="Additional Test14" TestDescription="Additional Test14" XCCode_GUID="0000078f-0000-0000-0000-000000000000" XCCodeList_GUID="00000162-0000-0000-0000-000000000000" Category="Cat47" SubCategory="SubCat47" DisplayinReferenceRange="true" IsValid="true" IsCopied="false" />
        <TestMapping TestName="Additional Test15" TestDescription="Additional Test15" XCCode_GUID="00000790-0000-0000-0000-000000000000" XCCodeList_GUID="00000162-0000-0000-0000-000000000000" Category="Cat48" SubCategory="SubCat48" DisplayinReferenceRange="true" IsValid="true" IsCopied="false" />
        <TestMapping TestName="Additional Test16" TestDescription="Additional Test16" XCCode_GUID="00000791-0000-0000-0000-000000000000" XCCodeList_GUID="00000162-0000-0000-0000-000000000000" Category="Cat49" SubCategory="SubCat49" DisplayinReferenceRange="true" IsValid="true" IsCopied="false" />
        <TestMapping TestName="Additional Test17" TestDescription="Additional Test17" XCCode_GUID="00000792-0000-0000-0000-000000000000" XCCodeList_GUID="00000162-0000-0000-0000-000000000000" Category="Cat50" SubCategory="SubCat50" DisplayinReferenceRange="true" IsValid="true" IsCopied="false" />
        <TestMapping TestName="Additional Test18" TestDescription="Additional Test18" XCCode_GUID="00000793-0000-0000-0000-000000000000" XCCodeList_GUID="00000162-0000-0000-0000-000000000000" Category="Cat51" SubCategory="SubCat51" DisplayinReferenceRange="true" IsValid="true" IsCopied="false" />
        <TestMapping TestName="Additional Test19" TestDescription="Additional Test19" XCCode_GUID="00000794-0000-0000-0000-000000000000" XCCodeList_GUID="00000162-0000-0000-0000-000000000000" Category="Cat52" SubCategory="SubCat52" DisplayinReferenceRange="true" IsValid="true" IsCopied="false" />
        <TestMapping TestName="Additional Test20" TestDescription="Additional Test20" XCCode_GUID="00000795-0000-0000-0000-000000000000" XCCodeList_GUID="00000162-0000-0000-0000-000000000000" Category="Cat53" SubCategory="SubCat53" DisplayinReferenceRange="true" IsValid="true" IsCopied="false" />
        <TestMapping TestName="Additional Test21" TestDescription="Additional Test21" XCCode_GUID="00000796-0000-0000-0000-000000000000" XCCodeList_GUID="00000162-0000-0000-0000-000000000000" Category="Cat54" SubCategory="SubCat54" DisplayinReferenceRange="true" IsValid="true" IsCopied="false" />
        <TestMapping TestName="Additional Test22" TestDescription="Additional Test22" XCCode_GUID="00000797-0000-0000-0000-000000000000" XCCodeList_GUID="00000162-0000-0000-0000-000000000000" Category="Cat55" SubCategory="SubCat55" DisplayinReferenceRange="true" IsValid="true" IsCopied="false" />
        <TestMapping TestName="Additional Test23" TestDescription="Additional Test23" XCCode_GUID="00000798-0000-0000-0000-000000000000" XCCodeList_GUID="00000162-0000-0000-0000-000000000000" Category="Cat56" SubCategory="SubCat56" DisplayinReferenceRange="true" IsValid="true" IsCopied="false" />
        <TestMapping TestName="Additional Test24" TestDescription="Additional Test24" XCCode_GUID="00000799-0000-0000-0000-000000000000" XCCodeList_GUID="00000162-0000-0000-0000-000000000000" Category="Cat57" SubCategory="SubCat57" DisplayinReferenceRange="true" IsValid="true" IsCopied="false" />
        <TestMapping TestName="Additional Test26" TestDescription="Additional Test26" XCCode_GUID="0000079a-0000-0000-0000-000000000000" XCCodeList_GUID="00000162-0000-0000-0000-000000000000" Category="Cat58" SubCategory="SubCat58" DisplayinReferenceRange="true" IsValid="true" IsCopied="false" />
        <TestMapping TestName="Additional Test27" TestDescription="Additional Test27" XCCode_GUID="0000079b-0000-0000-0000-000000000000" XCCodeList_GUID="00000162-0000-0000-0000-000000000000" Category="Cat59" SubCategory="SubCat59" DisplayinReferenceRange="true" IsValid="true" IsCopied="false" />
        <TestMapping TestName="Additional Test28" TestDescription="Additional Test28" XCCode_GUID="0000079c-0000-0000-0000-000000000000" XCCodeList_GUID="00000162-0000-0000-0000-000000000000" Category="Cat60" SubCategory="SubCat60" DisplayinReferenceRange="true" IsValid="true" IsCopied="false" />
        <TestMapping TestName="Additional Test29" TestDescription="Additional Test29" XCCode_GUID="0000079d-0000-0000-0000-000000000000" XCCodeList_GUID="00000162-0000-0000-0000-000000000000" Category="Cat61" SubCategory="SubCat61" DisplayinReferenceRange="true" IsValid="true" IsCopied="false" />
        <TestMapping TestName="Additional Test30" TestDescription="Additional Test30" XCCode_GUID="0000079e-0000-0000-0000-000000000000" XCCodeList_GUID="00000162-0000-0000-0000-000000000000" Category="Cat62" SubCategory="SubCat62" DisplayinReferenceRange="true" IsValid="true" IsCopied="false" />
        <TestMapping TestName="Additional Test25" TestDescription="Additional Test25" XCCode_GUID="0000079f-0000-0000-0000-000000000000" XCCodeList_GUID="00000162-0000-0000-0000-000000000000" Category="Cat63" SubCategory="SubCat63" DisplayinReferenceRange="true" IsValid="true" IsCopied="false" />
      </TestMappings>
      <UnitMappings>
        <UnitMapping UnitName="µL" UnitDescription="µL" XCCode_GUID="00000725-0000-0000-0000-000000000000" XCCodeList_GUID="00000161-0000-0000-0000-000000000000" IsValid="true" IsCopied="false" />
        <UnitMapping UnitName="gm/dL" UnitDescription="gm/dL" XCCode_GUID="00000726-0000-0000-0000-000000000000" XCCodeList_GUID="00000161-0000-0000-0000-000000000000" IsValid="true" IsCopied="false" />
        <UnitMapping UnitName="fL" UnitDescription="fL" XCCode_GUID="00000727-0000-0000-0000-000000000000" XCCodeList_GUID="00000161-0000-0000-0000-000000000000" IsValid="true" IsCopied="false" />
        <UnitMapping UnitName="pg" UnitDescription="pg" XCCode_GUID="00000728-0000-0000-0000-000000000000" XCCodeList_GUID="00000161-0000-0000-0000-000000000000" IsValid="true" IsCopied="false" />
        <UnitMapping UnitName="mm/hr" UnitDescription="mm/hr" XCCode_GUID="00000729-0000-0000-0000-000000000000" XCCodeList_GUID="00000161-0000-0000-0000-000000000000" IsValid="true" IsCopied="false" />
        <UnitMapping UnitName="Unit6" UnitDescription="Unit6" XCCode_GUID="0000072a-0000-0000-0000-000000000000" XCCodeList_GUID="00000161-0000-0000-0000-000000000000" IsValid="true" IsCopied="false" />
        <UnitMapping UnitName="Unit7" UnitDescription="Unit7" XCCode_GUID="0000072b-0000-0000-0000-000000000000" XCCodeList_GUID="00000161-0000-0000-0000-000000000000" IsValid="true" IsCopied="false" />
        <UnitMapping UnitName="Unit8" UnitDescription="Unit8" XCCode_GUID="0000072c-0000-0000-0000-000000000000" XCCodeList_GUID="00000161-0000-0000-0000-000000000000" IsValid="true" IsCopied="false" />
        <UnitMapping UnitName="Unit9" UnitDescription="Unit9" XCCode_GUID="0000072d-0000-0000-0000-000000000000" XCCodeList_GUID="00000161-0000-0000-0000-000000000000" IsValid="true" IsCopied="false" />
        <UnitMapping UnitName="Unit10" UnitDescription="Unit10" XCCode_GUID="0000072e-0000-0000-0000-000000000000" XCCodeList_GUID="00000161-0000-0000-0000-000000000000" IsValid="true" IsCopied="false" />
        <UnitMapping UnitName="Unit11" UnitDescription="Unit11" XCCode_GUID="0000072f-0000-0000-0000-000000000000" XCCodeList_GUID="00000161-0000-0000-0000-000000000000" IsValid="true" IsCopied="false" />
        <UnitMapping UnitName="Unit12" UnitDescription="Unit12" XCCode_GUID="00000730-0000-0000-0000-000000000000" XCCodeList_GUID="00000161-0000-0000-0000-000000000000" IsValid="true" IsCopied="false" />
        <UnitMapping UnitName="Unit13" UnitDescription="Unit13" XCCode_GUID="00000731-0000-0000-0000-000000000000" XCCodeList_GUID="00000161-0000-0000-0000-000000000000" IsValid="true" IsCopied="false" />
        <UnitMapping UnitName="Unit14" UnitDescription="Unit14" XCCode_GUID="00000732-0000-0000-0000-000000000000" XCCodeList_GUID="00000161-0000-0000-0000-000000000000" IsValid="true" IsCopied="false" />
        <UnitMapping UnitName="Unit15" UnitDescription="Unit15" XCCode_GUID="00000733-0000-0000-0000-000000000000" XCCodeList_GUID="00000161-0000-0000-0000-000000000000" IsValid="true" IsCopied="false" />
        <UnitMapping UnitName="Unit16" UnitDescription="Unit16" XCCode_GUID="00000734-0000-0000-0000-000000000000" XCCodeList_GUID="00000161-0000-0000-0000-000000000000" IsValid="true" IsCopied="false" />
        <UnitMapping UnitName="Unit17" UnitDescription="Unit17" XCCode_GUID="00000735-0000-0000-0000-000000000000" XCCodeList_GUID="00000161-0000-0000-0000-000000000000" IsValid="true" IsCopied="false" />
        <UnitMapping UnitName="Unit18" UnitDescription="Unit18" XCCode_GUID="00000736-0000-0000-0000-000000000000" XCCodeList_GUID="00000161-0000-0000-0000-000000000000" IsValid="true" IsCopied="false" />
        <UnitMapping UnitName="Unit19" UnitDescription="Unit19" XCCode_GUID="00000737-0000-0000-0000-000000000000" XCCodeList_GUID="00000161-0000-0000-0000-000000000000" IsValid="true" IsCopied="false" />
        <UnitMapping UnitName="Unit20" UnitDescription="Unit20" XCCode_GUID="00000738-0000-0000-0000-000000000000" XCCodeList_GUID="00000161-0000-0000-0000-000000000000" IsValid="true" IsCopied="false" />
        <UnitMapping UnitName="Unit21" UnitDescription="Unit21" XCCode_GUID="00000739-0000-0000-0000-000000000000" XCCodeList_GUID="00000161-0000-0000-0000-000000000000" IsValid="true" IsCopied="false" />
        <UnitMapping UnitName="Unit22" UnitDescription="Unit22" XCCode_GUID="0000073a-0000-0000-0000-000000000000" XCCodeList_GUID="00000161-0000-0000-0000-000000000000" IsValid="true" IsCopied="false" />
        <UnitMapping UnitName="Unit23" UnitDescription="Unit23" XCCode_GUID="0000073b-0000-0000-0000-000000000000" XCCodeList_GUID="00000161-0000-0000-0000-000000000000" IsValid="true" IsCopied="false" />
        <UnitMapping UnitName="Unit24" UnitDescription="Unit24" XCCode_GUID="0000073c-0000-0000-0000-000000000000" XCCodeList_GUID="00000161-0000-0000-0000-000000000000" IsValid="true" IsCopied="false" />
        <UnitMapping UnitName="Unit25" UnitDescription="Unit25" XCCode_GUID="0000073d-0000-0000-0000-000000000000" XCCodeList_GUID="00000161-0000-0000-0000-000000000000" IsValid="true" IsCopied="false" />
        <UnitMapping UnitName="Unit26" UnitDescription="Unit26" XCCode_GUID="0000073e-0000-0000-0000-000000000000" XCCodeList_GUID="00000161-0000-0000-0000-000000000000" IsValid="true" IsCopied="false" />
        <UnitMapping UnitName="Unit27" UnitDescription="Unit27" XCCode_GUID="0000073f-0000-0000-0000-000000000000" XCCodeList_GUID="00000161-0000-0000-0000-000000000000" IsValid="true" IsCopied="false" />
        <UnitMapping UnitName="Unit28" UnitDescription="Unit28" XCCode_GUID="00000740-0000-0000-0000-000000000000" XCCodeList_GUID="00000161-0000-0000-0000-000000000000" IsValid="true" IsCopied="false" />
        <UnitMapping UnitName="Unit29" UnitDescription="Unit29" XCCode_GUID="00000741-0000-0000-0000-000000000000" XCCodeList_GUID="00000161-0000-0000-0000-000000000000" IsValid="true" IsCopied="false" />
        <UnitMapping UnitName="Unit30" UnitDescription="Unit30" XCCode_GUID="00000742-0000-0000-0000-000000000000" XCCodeList_GUID="00000161-0000-0000-0000-000000000000" IsValid="true" IsCopied="false" />
        <UnitMapping UnitName="Unit31" UnitDescription="Unit31" XCCode_GUID="00000743-0000-0000-0000-000000000000" XCCodeList_GUID="00000161-0000-0000-0000-000000000000" IsValid="true" IsCopied="false" />
        <UnitMapping UnitName="Unit32" UnitDescription="Unit32" XCCode_GUID="00000744-0000-0000-0000-000000000000" XCCodeList_GUID="00000161-0000-0000-0000-000000000000" IsValid="true" IsCopied="false" />
        <UnitMapping UnitName="Unit33" UnitDescription="Unit33" XCCode_GUID="00000745-0000-0000-0000-000000000000" XCCodeList_GUID="00000161-0000-0000-0000-000000000000" IsValid="true" IsCopied="false" />
        <UnitMapping UnitName="Unit34" UnitDescription="Unit34" XCCode_GUID="00000746-0000-0000-0000-000000000000" XCCodeList_GUID="00000161-0000-0000-0000-000000000000" IsValid="true" IsCopied="false" />
        <UnitMapping UnitName="Unit35" UnitDescription="Unit35" XCCode_GUID="00000747-0000-0000-0000-000000000000" XCCodeList_GUID="00000161-0000-0000-0000-000000000000" IsValid="true" IsCopied="false" />
        <UnitMapping UnitName="Unit36" UnitDescription="Unit36" XCCode_GUID="00000748-0000-0000-0000-000000000000" XCCodeList_GUID="00000161-0000-0000-0000-000000000000" IsValid="true" IsCopied="false" />
        <UnitMapping UnitName="Unit37" UnitDescription="Unit37" XCCode_GUID="00000749-0000-0000-0000-000000000000" XCCodeList_GUID="00000161-0000-0000-0000-000000000000" IsValid="true" IsCopied="false" />
        <UnitMapping UnitName="Unit38" UnitDescription="Unit38" XCCode_GUID="0000074a-0000-0000-0000-000000000000" XCCodeList_GUID="00000161-0000-0000-0000-000000000000" IsValid="true" IsCopied="false" />
        <UnitMapping UnitName="Unit39" UnitDescription="Unit39" XCCode_GUID="0000074b-0000-0000-0000-000000000000" XCCodeList_GUID="00000161-0000-0000-0000-000000000000" IsValid="true" IsCopied="false" />
        <UnitMapping UnitName="Unit40" UnitDescription="Unit40" XCCode_GUID="0000074c-0000-0000-0000-000000000000" XCCodeList_GUID="00000161-0000-0000-0000-000000000000" IsValid="true" IsCopied="false" />
        <UnitMapping UnitName="Unit41" UnitDescription="Unit41" XCCode_GUID="0000074d-0000-0000-0000-000000000000" XCCodeList_GUID="00000161-0000-0000-0000-000000000000" IsValid="true" IsCopied="false" />
        <UnitMapping UnitName="Unit42" UnitDescription="Unit42" XCCode_GUID="0000074e-0000-0000-0000-000000000000" XCCodeList_GUID="00000161-0000-0000-0000-000000000000" IsValid="true" IsCopied="false" />
        <UnitMapping UnitName="Unit43" UnitDescription="Unit43" XCCode_GUID="0000074f-0000-0000-0000-000000000000" XCCodeList_GUID="00000161-0000-0000-0000-000000000000" IsValid="true" IsCopied="false" />
        <UnitMapping UnitName="Unit44" UnitDescription="Unit44" XCCode_GUID="00000750-0000-0000-0000-000000000000" XCCodeList_GUID="00000161-0000-0000-0000-000000000000" IsValid="true" IsCopied="false" />
        <UnitMapping UnitName="Unit45" UnitDescription="Unit45" XCCode_GUID="00000751-0000-0000-0000-000000000000" XCCodeList_GUID="00000161-0000-0000-0000-000000000000" IsValid="true" IsCopied="false" />
        <UnitMapping UnitName="Unit46" UnitDescription="Unit46" XCCode_GUID="00000752-0000-0000-0000-000000000000" XCCodeList_GUID="00000161-0000-0000-0000-000000000000" IsValid="true" IsCopied="false" />
        <UnitMapping UnitName="Unit47" UnitDescription="Unit47" XCCode_GUID="00000753-0000-0000-0000-000000000000" XCCodeList_GUID="00000161-0000-0000-0000-000000000000" IsValid="true" IsCopied="false" />
        <UnitMapping UnitName="Unit48" UnitDescription="Unit48" XCCode_GUID="00000754-0000-0000-0000-000000000000" XCCodeList_GUID="00000161-0000-0000-0000-000000000000" IsValid="true" IsCopied="false" />
        <UnitMapping UnitName="Unit49" UnitDescription="Unit49" XCCode_GUID="00000755-0000-0000-0000-000000000000" XCCodeList_GUID="00000161-0000-0000-0000-000000000000" IsValid="true" IsCopied="false" />
        <UnitMapping UnitName="Unit50" UnitDescription="Unit50" XCCode_GUID="00000756-0000-0000-0000-000000000000" XCCodeList_GUID="00000161-0000-0000-0000-000000000000" IsValid="true" IsCopied="false" />
        <UnitMapping UnitName="Unit51" UnitDescription="Unit51" XCCode_GUID="00000757-0000-0000-0000-000000000000" XCCodeList_GUID="00000161-0000-0000-0000-000000000000" IsValid="true" IsCopied="false" />
        <UnitMapping UnitName="Unit52" UnitDescription="Unit52" XCCode_GUID="00000758-0000-0000-0000-000000000000" XCCodeList_GUID="00000161-0000-0000-0000-000000000000" IsValid="true" IsCopied="false" />
        <UnitMapping UnitName="Unit53" UnitDescription="Unit53" XCCode_GUID="00000759-0000-0000-0000-000000000000" XCCodeList_GUID="00000161-0000-0000-0000-000000000000" IsValid="true" IsCopied="false" />
        <UnitMapping UnitName="Unit54" UnitDescription="Unit54" XCCode_GUID="0000075a-0000-0000-0000-000000000000" XCCodeList_GUID="00000161-0000-0000-0000-000000000000" IsValid="true" IsCopied="false" />
        <UnitMapping UnitName="Unit55" UnitDescription="Unit55" XCCode_GUID="0000075b-0000-0000-0000-000000000000" XCCodeList_GUID="00000161-0000-0000-0000-000000000000" IsValid="true" IsCopied="false" />
        <UnitMapping UnitName="Unit56" UnitDescription="Unit56" XCCode_GUID="0000075c-0000-0000-0000-000000000000" XCCodeList_GUID="00000161-0000-0000-0000-000000000000" IsValid="true" IsCopied="false" />
        <UnitMapping UnitName="Unit57" UnitDescription="Unit57" XCCode_GUID="0000075d-0000-0000-0000-000000000000" XCCodeList_GUID="00000161-0000-0000-0000-000000000000" IsValid="true" IsCopied="false" />
        <UnitMapping UnitName="Unit58" UnitDescription="Unit58" XCCode_GUID="0000075e-0000-0000-0000-000000000000" XCCodeList_GUID="00000161-0000-0000-0000-000000000000" IsValid="true" IsCopied="false" />
        <UnitMapping UnitName="Unit59" UnitDescription="Unit59" XCCode_GUID="0000075f-0000-0000-0000-000000000000" XCCodeList_GUID="00000161-0000-0000-0000-000000000000" IsValid="true" IsCopied="false" />
        <UnitMapping UnitName="Unit60" UnitDescription="Unit60" XCCode_GUID="00000760-0000-0000-0000-000000000000" XCCodeList_GUID="00000161-0000-0000-0000-000000000000" IsValid="true" IsCopied="false" />
        <UnitMapping UnitName="cm" UnitDescription="cm" XCCode_GUID="00000000-0000-0000-0000-000000000000" XCCodeList_GUID="00000000-0000-0000-0000-000000000000" IsValid="false" IsCopied="false" />
        <UnitMapping UnitName="in" UnitDescription="in" XCCode_GUID="00000000-0000-0000-0000-000000000000" XCCodeList_GUID="00000000-0000-0000-0000-000000000000" IsValid="false" IsCopied="false" />
        <UnitMapping UnitName="F" UnitDescription="F" XCCode_GUID="00000000-0000-0000-0000-000000000000" XCCodeList_GUID="00000000-0000-0000-0000-000000000000" IsValid="false" IsCopied="false" />
        <UnitMapping UnitName="C" UnitDescription="C" XCCode_GUID="00000000-0000-0000-0000-000000000000" XCCodeList_GUID="00000000-0000-0000-0000-000000000000" IsValid="false" IsCopied="false" />
        <UnitMapping UnitName="KG" UnitDescription="KG" XCCode_GUID="00000000-0000-0000-0000-000000000000" XCCodeList_GUID="00000000-0000-0000-0000-000000000000" IsValid="false" IsCopied="false" />
        <UnitMapping UnitName="LB" UnitDescription="LB" XCCode_GUID="00000000-0000-0000-0000-000000000000" XCCodeList_GUID="00000000-0000-0000-0000-000000000000" IsValid="false" IsCopied="false" />
      </UnitMappings>
    </DictionaryMapping>
  </Mapping>
</Export>