<?xml version="1.0"?>
<XCStudySettings xmlns:xsd="http://www.w3.org/2001/XMLSchema" xmlns:xsi="http://www.w3.org/2001/XMLSchema-instance" xmlns="http://Perceptive.com/DataLabs/ns/StudyDesign/XCStudySettings.xsd">
  <DataShapes>
    <DataShape Name="GroupManagemet" Type="Security" DefaultRights="Edit">
      <DataReference Name="Continent" Required="true" DisplayOrder="1" Type="ItemFullName" Value="*.TestForm.Continent" />
      <RolePermissions>
        <RolePermission RoleRef="DataManager" DefaultRights="Edit" />
      </RolePermissions>
    </DataShape>
  </DataShapes>
  <Roles>
    <Role Name="DataManager" Label="DataManager" Type="Site" />
  </Roles>
  <StudyPreferences Study_GUID="dd2a6fc4-f222-495e-817e-33f21b7b9886" StudyName="Import_Study2" StudyVersion="27140" ProtocolKey="0" />
</XCStudySettings>