<?xml version="1.0" encoding="utf-8"?>
<Export xmlns:xsd="http://www.w3.org/2001/XMLSchema" xmlns:xsi="http://www.w3.org/2001/XMLSchema-instance" xmlns="http://www.perceptive.com/2010/10/DataLabsXC/Integration/AdvancedExport">
  <Mapping>
    <DataShapes>
      <DataShape Name="Import_Study1" Type="Labs">
        <SubDataShape Name="LabAndCodeListGroups" Category="Lab Mapping" IsMultipleInstance="true" DomainName="LabAndCodeListGroups">
          <DataReference Name="LAB_ID" Label="Lab ID" Value="Data.*.*.*.LabID.Value" SortOrder="2" MappingType="D" LabelString="Data.*.*.*.LabID.Value" />
          <DataReference Name="Lab_Name" Label="Lab Name" Value="Data.*.*.*.LabName.Value" SortOrder="3" MappingType="D" LabelString="Data.*.*.*.LabName.Value" />
          <DataReference Name="Company" Label="Company" Value="Data.*.*.*.Company.Value" SortOrder="4" MappingType="D" LabelString="Data.*.*.*.Company.Value" />
          <DataReference Name="Lab_Address" Label="Lab Address" Value="Data.*.*.*.LabAddress.Value" SortOrder="5" MappingType="D" LabelString="Data.*.*.*.LabAddress.Value" />
          <DataReference Name="Country" Label="Country" Value="Data.*.*.*.LabCountry.Value" SortOrder="6" MappingType="D" LabelString="Data.*.*.*.LabCountry.Value" />
          <DataReference Name="CRF_Collection_Date" Label="CRF Collection Date" Value="Data.*.*.*.CRFCollectionDate.Value" SortOrder="8" MappingType="D" LabelString="Data.*.*.*.CRFCollectionDate.Value" />
          <DataReference Name="CRF_Lab_Test_Name" Label="CRF Lab Test Name" Value="Data.*.*.*.CRFLabTestName.Value" SortOrder="9" MappingType="D" LabelString="Data.*.*.*.CRFLabTestName.Value" />
          <DataReference Name="Lab_Test_Description" Label="Lab Test Description" Value="Data.*.*.*.CRFLabDescription.Value" SortOrder="10" MappingType="D" LabelString="Data.*.*.*.CRFLabDescription.Value" />
          <DataReference Name="CRF_Lab_Value" Label="CRF Lab Value" Value="Data.*.*.*.CRFLabValue.Value" SortOrder="11" MappingType="D" LabelString="Data.*.*.*.CRFLabValue.Value" />
          <DataReference Name="CRF_Lab_Original_Unit" Label="CRF Lab (Original) Unit" Value="Data.*.*.*.CRFLabUnit.Value" SortOrder="12" MappingType="D" LabelString="Data.*.*.*.CRFLabUnit.Value" />
          <DataReference Name="Lab_Test_Name" Label="Lab Test Name" Value="Data.*.*.*.LabTestName.Value" SortOrder="14" MappingType="D" LabelString="Data.*.*.*.LabTestName.Value" />
          <DataReference Name="Lab_Test_Code" Label="Lab Test Code" Value="Data.*.*.*.LabTestCode.Value" SortOrder="15" MappingType="D" LabelString="Data.*.*.*.LabTestCode.Value" />
          <DataReference Name="LOINC_Code" Label="LOINC Code" Value="Data.*.*.*.LOINCCode.Value" SortOrder="17" MappingType="D" LabelString="Data.*.*.*.LOINCCode.Value" />
          <DataReference Name="Category" Label="Category" Value="Data.*.*.*.Category.Value" SortOrder="18" MappingType="D" LabelString="Data.*.*.*.Category.Value" />
          <DataReference Name="Sub_category" Label="Subcategory" Value="Data.*.*.*.SubCategory.Value" SortOrder="19" MappingType="D" LabelString="Data.*.*.*.SubCategory.Value" />
          <DataReference Name="Specimen" Label="Specimen" Value="Data.*.*.*.Specimen.Value" SortOrder="20" MappingType="D" LabelString="Data.*.*.*.Specimen.Value" />
          <DataReference Name="Method" Label="Method" Value="Data.*.*.*.Method.Value" SortOrder="21" MappingType="D" LabelString="Data.*.*.*.Method.Value" />
          <DataReference Name="Result_Type" Label="Result Type" Value="Data.*.*.*.ResultType.Value" SortOrder="22" MappingType="D" LabelString="Data.*.*.*.ResultType.Value" />
          <DataReference Name="Normal_Reference_Range_Low" Label="Normal Reference Range Low" Value="Data.*.*.*.NormalReferenceRangeLow.Value" SortOrder="24" MappingType="D" LabelString="Data.*.*.*.NormalReferenceRangeLow.Value" />
          <DataReference Name="Normal_Reference_Range_High" Label="Normal Reference Range High" Value="Data.*.*.*.NormlReferenceRangeHigh.Value" SortOrder="25" MappingType="D" LabelString="Data.*.*.*.NormlReferenceRangeHigh.Value" />
          <DataReference Name="Critical_Reference_Range_Low" Label="Critical Reference Range Low" Value="Data.*.*.*.CriticalReferenceRangeLow.Value" SortOrder="26" MappingType="D" LabelString="Data.*.*.*.CriticalReferenceRangeLow.Value" />
          <DataReference Name="Critical_Reference_Range_High" Label="Critical Reference Range High" Value="Data.*.*.*.CriticalreferenceRangeHigh.Value" SortOrder="27" MappingType="D" LabelString="Data.*.*.*.CriticalreferenceRangeHigh.Value" />
          <DataReference Name="Reference_Range_Not_Applicable" Label="Reference Range Not Applicable" Value="Data.*.*.*.ReferenceRangeNotApplicable.Value" SortOrder="28" MappingType="D" LabelString="Data.*.*.*.ReferenceRangeNotApplicable.Value" />
          <DataReference Name="Reference_Range_ID" Label="Reference Range ID" Value="Data.*.*.*.ReferenceRangeID.Value" SortOrder="29" MappingType="D" LabelString="Data.*.*.*.ReferenceRangeID.Value" />
          <DataReference Name="Out_of_Normal_Range_Indicator" Label="Out of Normal Range Indicator" Value="Data.*.*.*.OutofNormalRangeIndicator.Value" SortOrder="30" MappingType="D" LabelString="Data.*.*.*.OutofNormalRangeIndicator.Value" />
          <DataReference Name="Normalized_Patient_Lab_Value" Label="Normalized Patient Lab Value" Value="Data.*.*.*.NormalizedPatientLabValue.Value" SortOrder="32" MappingType="D" LabelString="Data.*.*.*.NormalizedPatientLabValue.Value" />
          <DataReference Name="Normalized_Lab_Unit" Label="Normalized Lab Unit" Value="Data.*.*.*.NormalizedLabUnit.Value" SortOrder="33" MappingType="D" LabelString="Data.*.*.*.NormalizedLabUnit.Value" />
          <DataReference Name="Normalized_Normal_Reference_Range_Low" Label="Normalized Normal Reference Range Low" Value="Data.*.*.*.NormalizedNormalReferenceRangeLow.Value" SortOrder="34" MappingType="D" LabelString="Data.*.*.*.NormalizedNormalReferenceRangeLow.Value" />
          <DataReference Name="Normalized_Normal_Reference_Range_High" Label="Normalized Normal Reference Range High" Value="Data.*.*.*.NormalizedNormalReferenceRangeHigh.Value" SortOrder="35" MappingType="D" LabelString="Data.*.*.*.NormalizedNormalReferenceRangeHigh.Value" />
          <DataReference Name="Normalized_Critical_Reference_Range_Low" Label="Normalized Critical Reference Range Low" Value="Data.*.*.*.NormalizedCriticalreferenceRangeLow.Value" SortOrder="36" MappingType="D" LabelString="Data.*.*.*.NormalizedCriticalreferenceRangeLow.Value" />
          <DataReference Name="Normalized_Critical_Reference_Range_High" Label="Normalized Critical Reference Range High" Value="Data.*.*.*.NormalizedCriticalReferenceRangeHig.Value" SortOrder="37" MappingType="D" LabelString="Data.*.*.*.NormalizedCriticalReferenceRangeHig.Value" />
          <DataReference Name="Precision" Label="Precision" Value="Data.*.*.*.Precision1.Value" SortOrder="38" MappingType="D" LabelString="Data.*.*.*.Precision1.Value" />
          <DataReference Name="Conversion_Factor" Label="Conversion Factor" Value="Data.*.*.*.ConversionFactor.Value" SortOrder="39" MappingType="D" LabelString="Data.*.*.*.ConversionFactor.Value" />
        </SubDataShape>
        <SubDataShape Name="LabDomain2" Category="Lab Mapping" IsMultipleInstance="true" DomainName="LabDomain2">
          <DataReference Name="LAB_ID" Label="Lab ID" Value="Data.*.*.*.LabID2.Value" SortOrder="2" MappingType="D" LabelString="Data.*.*.*.LabID2.Value" />
          <DataReference Name="Lab_Name" Label="Lab Name" Value="Data.*.*.*.LabName2.Value" SortOrder="3" MappingType="D" LabelString="Data.*.*.*.LabName2.Value" />
          <DataReference Name="Company" Label="Company" Value="Data.*.*.*.Company2.Value" SortOrder="4" MappingType="D" LabelString="Data.*.*.*.Company2.Value" />
          <DataReference Name="Lab_Address" Label="Lab Address" Value="Data.*.*.*.LabAddress2.Value" SortOrder="5" MappingType="D" LabelString="Data.*.*.*.LabAddress2.Value" />
          <DataReference Name="Country" Label="Country" Value="Data.*.*.*.Country2.Value" SortOrder="6" MappingType="D" LabelString="Data.*.*.*.Country2.Value" />
          <DataReference Name="CRF_Collection_Date" Label="CRF Collection Date" Value="Data.*.*.*.CRFCollectionDate2.Value" SortOrder="8" MappingType="D" LabelString="Data.*.*.*.CRFCollectionDate2.Value" />
          <DataReference Name="CRF_Lab_Test_Name" Label="CRF Lab Test Name" Value="Data.*.*.*.CRFLabTestName2.Value" SortOrder="9" MappingType="D" LabelString="Data.*.*.*.CRFLabTestName2.Value" />
          <DataReference Name="Lab_Test_Description" Label="Lab Test Description" Value="" SortOrder="10" LabelString="" />
          <DataReference Name="CRF_Lab_Value" Label="CRF Lab Value" Value="Data.*.*.*.CRFLabValue2.Value" SortOrder="11" MappingType="D" LabelString="Data.*.*.*.CRFLabValue2.Value" />
          <DataReference Name="CRF_Lab_Original_Unit" Label="CRF Lab (Original) Unit" Value="Data.*.*.*.CRFLabUnit2.Value" SortOrder="12" MappingType="D" LabelString="Data.*.*.*.CRFLabUnit2.Value" />
          <DataReference Name="Lab_Test_Name" Label="Lab Test Name" Value="" SortOrder="14" LabelString="" />
          <DataReference Name="Lab_Test_Code" Label="Lab Test Code" Value="" SortOrder="15" LabelString="" />
          <DataReference Name="LOINC_Code" Label="LOINC Code" Value="" SortOrder="17" LabelString="" />
          <DataReference Name="Category" Label="Category" Value="" SortOrder="18" LabelString="" />
          <DataReference Name="Sub_category" Label="Subcategory" Value="" SortOrder="19" LabelString="" />
          <DataReference Name="Specimen" Label="Specimen" Value="" SortOrder="20" LabelString="" />
          <DataReference Name="Method" Label="Method" Value="" SortOrder="21" LabelString="" />
          <DataReference Name="Result_Type" Label="Result Type" Value="" SortOrder="22" LabelString="" />
          <DataReference Name="Normal_Reference_Range_Low" Label="Normal Reference Range Low" Value="" SortOrder="24" LabelString="" />
          <DataReference Name="Normal_Reference_Range_High" Label="Normal Reference Range High" Value="" SortOrder="25" LabelString="" />
          <DataReference Name="Critical_Reference_Range_Low" Label="Critical Reference Range Low" Value="" SortOrder="26" LabelString="" />
          <DataReference Name="Critical_Reference_Range_High" Label="Critical Reference Range High" Value="" SortOrder="27" LabelString="" />
          <DataReference Name="Reference_Range_Not_Applicable" Label="Reference Range Not Applicable" Value="" SortOrder="28" LabelString="" />
          <DataReference Name="Reference_Range_ID" Label="Reference Range ID" Value="" SortOrder="29" LabelString="" />
          <DataReference Name="Out_of_Normal_Range_Indicator" Label="Out of Normal Range Indicator" Value="" SortOrder="30" LabelString="" />
          <DataReference Name="Normalized_Patient_Lab_Value" Label="Normalized Patient Lab Value" Value="" SortOrder="32" LabelString="" />
          <DataReference Name="Normalized_Lab_Unit" Label="Normalized Lab Unit" Value="" SortOrder="33" LabelString="" />
          <DataReference Name="Normalized_Normal_Reference_Range_Low" Label="Normalized Normal Reference Range Low" Value="" SortOrder="34" LabelString="" />
          <DataReference Name="Normalized_Normal_Reference_Range_High" Label="Normalized Normal Reference Range High" Value="" SortOrder="35" LabelString="" />
          <DataReference Name="Normalized_Critical_Reference_Range_Low" Label="Normalized Critical Reference Range Low" Value="" SortOrder="36" LabelString="" />
          <DataReference Name="Normalized_Critical_Reference_Range_High" Label="Normalized Critical Reference Range High" Value="" SortOrder="37" LabelString="" />
          <DataReference Name="Precision" Label="Precision" Value="" SortOrder="38" LabelString="" />
          <DataReference Name="Conversion_Factor" Label="Conversion Factor" Value="" SortOrder="39" LabelString="" />
        </SubDataShape>
        <SubDataShape Name="LabDomain3" Category="Lab Mapping" IsMultipleInstance="true" DomainName="LabDomain3">
          <DataReference Name="LAB_ID" Label="Lab ID" Value="Data.*.*.*.LabID3.Value" SortOrder="2" MappingType="D" LabelString="Data.*.*.*.LabID3.Value" />
          <DataReference Name="Lab_Name" Label="Lab Name" Value="Data.*.*.*.LabName3.Value" SortOrder="3" MappingType="D" LabelString="Data.*.*.*.LabName3.Value" />
          <DataReference Name="Company" Label="Company" Value="Data.*.*.*.Company3.Value" SortOrder="4" MappingType="D" LabelString="Data.*.*.*.Company3.Value" />
          <DataReference Name="Lab_Address" Label="Lab Address" Value="Data.*.*.*.LabAdress3.Value" SortOrder="5" MappingType="D" LabelString="Data.*.*.*.LabAdress3.Value" />
          <DataReference Name="Country" Label="Country" Value="Data.*.*.*.LabCountry3.Value" SortOrder="6" MappingType="D" LabelString="Data.*.*.*.LabCountry3.Value" />
          <DataReference Name="CRF_Collection_Date" Label="CRF Collection Date" Value="Data.*.*.*.CRFCollectioDate3.Value" SortOrder="8" MappingType="D" LabelString="Data.*.*.*.CRFCollectioDate3.Value" />
          <DataReference Name="CRF_Lab_Test_Name" Label="CRF Lab Test Name" Value="Data.*.*.*.CRFLabTestName3.Value" SortOrder="9" MappingType="D" LabelString="Data.*.*.*.CRFLabTestName3.Value" />
          <DataReference Name="Lab_Test_Description" Label="Lab Test Description" Value="Data.*.*.*.CRFLabDescription3.Value" SortOrder="10" MappingType="D" LabelString="Data.*.*.*.CRFLabDescription3.Value" />
          <DataReference Name="CRF_Lab_Value" Label="CRF Lab Value" Value="Data.*.*.*.CRFLabValue3.Value" SortOrder="11" MappingType="D" LabelString="Data.*.*.*.CRFLabValue3.Value" />
          <DataReference Name="CRF_Lab_Original_Unit" Label="CRF Lab (Original) Unit" Value="Data.*.*.*.CRFLabUnit3.Value" SortOrder="12" MappingType="D" LabelString="Data.*.*.*.CRFLabUnit3.Value" />
          <DataReference Name="Lab_Test_Name" Label="Lab Test Name" Value="Data.*.*.*.LabTestName3.Value" SortOrder="14" MappingType="D" LabelString="Data.*.*.*.LabTestName3.Value" />
          <DataReference Name="Lab_Test_Code" Label="Lab Test Code" Value="Data.*.*.*.LabTestCode3.Value" SortOrder="15" MappingType="D" LabelString="Data.*.*.*.LabTestCode3.Value" />
          <DataReference Name="LOINC_Code" Label="LOINC Code" Value="Data.*.*.*.LionicCode3.Value" SortOrder="17" MappingType="D" LabelString="Data.*.*.*.LionicCode3.Value" />
          <DataReference Name="Category" Label="Category" Value="Data.*.*.*.Category3.Value" SortOrder="18" MappingType="D" LabelString="Data.*.*.*.Category3.Value" />
          <DataReference Name="Sub_category" Label="Subcategory" Value="Data.*.*.*.SubCategory3.Value" SortOrder="19" MappingType="D" LabelString="Data.*.*.*.SubCategory3.Value" />
          <DataReference Name="Specimen" Label="Specimen" Value="Data.*.*.*.Specimen3.Value" SortOrder="20" MappingType="D" LabelString="Data.*.*.*.Specimen3.Value" />
          <DataReference Name="Method" Label="Method" Value="Data.*.*.*.Method3.Value" SortOrder="21" MappingType="D" LabelString="Data.*.*.*.Method3.Value" />
          <DataReference Name="Result_Type" Label="Result Type" Value="Data.*.*.*.ResultType3.Value" SortOrder="22" MappingType="D" LabelString="Data.*.*.*.ResultType3.Value" />
          <DataReference Name="Normal_Reference_Range_Low" Label="Normal Reference Range Low" Value="Data.*.*.*.NormalReferenceRangeLow3.Value" SortOrder="24" MappingType="D" LabelString="Data.*.*.*.NormalReferenceRangeLow3.Value" />
          <DataReference Name="Normal_Reference_Range_High" Label="Normal Reference Range High" Value="Data.*.*.*.NormalReferencerangeHigh3.Value" SortOrder="25" MappingType="D" LabelString="Data.*.*.*.NormalReferencerangeHigh3.Value" />
          <DataReference Name="Critical_Reference_Range_Low" Label="Critical Reference Range Low" Value="Data.*.*.*.CriticalReferencerangeLow3.Value" SortOrder="26" MappingType="D" LabelString="Data.*.*.*.CriticalReferencerangeLow3.Value" />
          <DataReference Name="Critical_Reference_Range_High" Label="Critical Reference Range High" Value="Data.*.*.*.CriticalReferenceRangeHigh3.Value" SortOrder="27" MappingType="D" LabelString="Data.*.*.*.CriticalReferenceRangeHigh3.Value" />
          <DataReference Name="Reference_Range_Not_Applicable" Label="Reference Range Not Applicable" Value="Data.*.*.*.ReferenceRangeNotApplicable3.Value" SortOrder="28" MappingType="D" LabelString="Data.*.*.*.ReferenceRangeNotApplicable3.Value" />
          <DataReference Name="Reference_Range_ID" Label="Reference Range ID" Value="Data.*.*.*.ReferenceRangeID3.Value" SortOrder="29" MappingType="D" LabelString="Data.*.*.*.ReferenceRangeID3.Value" />
          <DataReference Name="Out_of_Normal_Range_Indicator" Label="Out of Normal Range Indicator" Value="Data.*.*.*.OutOfNormalRangeIndicator3.Value" SortOrder="30" MappingType="D" LabelString="Data.*.*.*.OutOfNormalRangeIndicator3.Value" />
          <DataReference Name="Normalized_Patient_Lab_Value" Label="Normalized Patient Lab Value" Value="Data.*.*.*.NormalizedPatientLabValue3.Value" SortOrder="32" MappingType="D" LabelString="Data.*.*.*.NormalizedPatientLabValue3.Value" />
          <DataReference Name="Normalized_Lab_Unit" Label="Normalized Lab Unit" Value="Data.*.*.*.NormalizedLabUnit3.Value" SortOrder="33" MappingType="D" LabelString="Data.*.*.*.NormalizedLabUnit3.Value" />
          <DataReference Name="Normalized_Normal_Reference_Range_Low" Label="Normalized Normal Reference Range Low" Value="Data.*.*.*.NormalizedNormalReferenceRangeLow3.Value" SortOrder="34" MappingType="D" LabelString="Data.*.*.*.NormalizedNormalReferenceRangeLow3.Value" />
          <DataReference Name="Normalized_Normal_Reference_Range_High" Label="Normalized Normal Reference Range High" Value="Data.*.*.*.NormalizedNormalReferenceRangeHigh3.Value" SortOrder="35" MappingType="D" LabelString="Data.*.*.*.NormalizedNormalReferenceRangeHigh3.Value" />
          <DataReference Name="Normalized_Critical_Reference_Range_Low" Label="Normalized Critical Reference Range Low" Value="Data.*.*.*.NorCriticalRRLow3.Value" SortOrder="36" MappingType="D" LabelString="Data.*.*.*.NorCriticalRRLow3.Value" />
          <DataReference Name="Normalized_Critical_Reference_Range_High" Label="Normalized Critical Reference Range High" Value="Data.*.*.*.NorCritRRHigh3.Value" SortOrder="37" MappingType="D" LabelString="Data.*.*.*.NorCritRRHigh3.Value" />
          <DataReference Name="Precision" Label="Precision" Value="Data.*.*.*.Precision3.Value" SortOrder="38" MappingType="D" LabelString="Data.*.*.*.Precision3.Value" />
          <DataReference Name="Conversion_Factor" Label="Conversion Factor" Value="Data.*.*.*.ConversionFactor3.Value" SortOrder="39" MappingType="D" LabelString="Data.*.*.*.ConversionFactor3.Value" />
        </SubDataShape>
        <SubDataShape Name="Attribute Mapping" Category="Attribute Mapping" IsMultipleInstance="false">
          <DataReference Name="GENDER" Label="Gender" Value="Data.Screening.DEMO_RTSM.SEX_1.SEX.Value" SortOrder="1" MappingType="M" LabelString="Data.Visit (Screening).Demographics RTSM.SEX_1 (Gender:).SEX.Value">
            <CodeListMappings SourceCodeListName="SEX" StandardCodeListName="GENDER_LAB">
              <CodeListMapping SourceItemName="Male" StandardItemName="Male" />
              <CodeListMapping SourceItemName="Female" StandardItemName="Female" />
              <CodeListMapping SourceItemName="[Blank]" StandardItemName="Not Specified" />
            </CodeListMappings>
          </DataReference>
          <DataReference Name="DATE_OF_BIRTH_SELECTION" Label="Date of Birth / Age" Value="Age" SortOrder="2" MappingType="D" LabelString="Age" />
          <DataReference Name="AGE" Label="Age" Value="Data.Screening.DEMO_RTSM.AGE_1.AGE.Value" SortOrder="7" MappingType="M" LabelString="Data.Visit (Screening).Demographics RTSM.AGE_1 (Age at Study Start:).AGE.Value" />
          <DataReference Name="AGE_UNIT" Label="Age Unit" Value="Data.Screening.DEMO_RTSM.AGEU_1.AGEU.Value" SortOrder="8" MappingType="M" LabelString="Data.Visit (Screening).Demographics RTSM.AGEU_1 (Age Units at Study Start:).AGEU.Value">
            <CodeListMappings SourceCodeListName="AgeUnit" StandardCodeListName="AGE_UNIT_LAB">
              <CodeListMapping SourceItemName="Months" StandardItemName="Months" />
              <CodeListMapping SourceItemName="Days" StandardItemName="Days" />
              <CodeListMapping SourceItemName="Years" StandardItemName="Years" />
            </CodeListMappings>
          </DataReference>
        </SubDataShape>
      </DataShape>
    </DataShapes>
    <LabCategory>
      <Category Name="Lab Mapping" Desc="Lab Mappings" IsMultipleInstance="true">
        <Attribute Name="Laboratory" Label="Laboratory" AgeCalculationType="None" />
        <Attribute Name="LAB_ID" Label="Lab ID" AgeCalculationType="None" />
        <Attribute Name="Lab_Name" Label="Lab Name" AgeCalculationType="None" />
        <Attribute Name="Company" Label="Company" AgeCalculationType="None" />
        <Attribute Name="Lab_Address" Label="Lab Address" AgeCalculationType="None" />
        <Attribute Name="Country" Label="Country" AgeCalculationType="None" />
        <Attribute Name="Subject_Lab_Value" Label="Subject Lab Value" AgeCalculationType="None" />
        <Attribute Name="CRF_Collection_Date" Label="CRF Collection Date" AgeCalculationType="None" />
        <Attribute Name="CRF_Lab_Test_Name" Label="CRF Lab Test Name" AgeCalculationType="None" />
        <Attribute Name="Lab_Test_Description" Label="Lab Test Description" AgeCalculationType="None" />
        <Attribute Name="CRF_Lab_Value" Label="CRF Lab Value" AgeCalculationType="None" />
        <Attribute Name="CRF_Lab_Original_Unit" Label="CRF Lab (Original) Unit" AgeCalculationType="None" />
        <Attribute Name="Dictionary_Lab_Test_Properties" Label="Dictionary Lab Test Properties" AgeCalculationType="None" />
        <Attribute Name="Lab_Test_Name" Label="Lab Test Name" AgeCalculationType="None" />
        <Attribute Name="Lab_Test_Code" Label="Lab Test Code" AgeCalculationType="None" />
        <Attribute Name="LOINC_Code" Label="LOINC Code" AgeCalculationType="None" />
        <Attribute Name="Category" Label="Category" AgeCalculationType="None" />
        <Attribute Name="Sub_category" Label="Subcategory" AgeCalculationType="None" />
        <Attribute Name="Specimen" Label="Specimen" AgeCalculationType="None" />
        <Attribute Name="Method" Label="Method" AgeCalculationType="None" />
        <Attribute Name="Result_Type" Label="Result Type" AgeCalculationType="None" />
        <Attribute Name="Reference_Range" Label="Reference Range" AgeCalculationType="None" />
        <Attribute Name="Normal_Reference_Range_Low" Label="Normal Reference Range Low" AgeCalculationType="None" />
        <Attribute Name="Normal_Reference_Range_High" Label="Normal Reference Range High" AgeCalculationType="None" />
        <Attribute Name="Critical_Reference_Range_Low" Label="Critical Reference Range Low" AgeCalculationType="None" />
        <Attribute Name="Critical_Reference_Range_High" Label="Critical Reference Range High" AgeCalculationType="None" />
        <Attribute Name="Reference_Range_Not_Applicable" Label="Reference Range Not Applicable" AgeCalculationType="None" />
        <Attribute Name="Reference_Range_ID" Label="Reference Range ID" AgeCalculationType="None" />
        <Attribute Name="Out_of_Normal_Range_Indicator" Label="Out of Normal Range Indicator" AgeCalculationType="None" />
        <Attribute Name="Normalization" Label="Normalization" AgeCalculationType="None" />
        <Attribute Name="Normalized_Patient_Lab_Value" Label="Normalized Patient Lab Value" AgeCalculationType="None" />
        <Attribute Name="Normalized_Lab_Unit" Label="Normalized Lab Unit" AgeCalculationType="None" />
        <Attribute Name="Normalized_Normal_Reference_Range_Low" Label="Normalized Normal Reference Range Low" AgeCalculationType="None" />
        <Attribute Name="Normalized_Normal_Reference_Range_High" Label="Normalized Normal Reference Range High" AgeCalculationType="None" />
        <Attribute Name="Normalized_Critical_Reference_Range_Low" Label="Normalized Critical Reference Range Low" AgeCalculationType="None" />
        <Attribute Name="Normalized_Critical_Reference_Range_High" Label="Normalized Critical Reference Range High" AgeCalculationType="None" />
        <Attribute Name="Precision" Label="Precision" AgeCalculationType="None" />
        <Attribute Name="Conversion_Factor" Label="Conversion Factor" AgeCalculationType="None" />
      </Category>
      <Category Name="Attribute Mapping" Desc="Attribute Mappings" IsMultipleInstance="false">
        <Attribute Name="GENDER" Label="Gender" AgeCalculationType="None" />
        <Attribute Name="DATE_OF_BIRTH_SELECTION" Label="Date of Birth / Age" AgeCalculationType="None" />
        <Attribute Name="DATE_OF_BIRTH_WHOLEDATE" Label="Date of Birth (Whole Date)" AgeCalculationType="Date of Birth (Whole Date)" />
        <Attribute Name="DATE_OF_BIRTH_DAY" Label="Date of Birth (Day)" AgeCalculationType="Date of Birth (Day, Month, Year)" />
        <Attribute Name="DATE_OF_BIRTH_MONTH" Label="Date of Birth (Month)" AgeCalculationType="Date of Birth (Day, Month, Year)" />
        <Attribute Name="DATE_OF_BIRTH_YEAR" Label="Date of Birth (Year)" AgeCalculationType="Date of Birth (Day, Month, Year)" />
        <Attribute Name="AGE" Label="Age" AgeCalculationType="Age" />
        <Attribute Name="AGE_UNIT" Label="Age Unit" AgeCalculationType="Age" />
      </Category>
    </LabCategory>
    <DictionaryMapping>
      <LabDictionary LabDictionaryName="Dict42" LabDictionaryLabel="Dict42" FileName="DataLabsEDC_LabDictionary_LabDictionary_PS1_V14.xlsx" />
      <TestMappings>
        <TestMapping TestName="[Blank]" TestDescription="X" XCCode_GUID="000001a3-0000-0000-0000-000000000000" XCCodeList_GUID="000000a0-0000-0000-0000-000000000000" Category="cup" SubCategory="subcup0" DisplayinReferenceRange="true" IsValid="true" IsCopied="false" />
        <TestMapping TestName="01" TestDescription="01" XCCode_GUID="000001a4-0000-0000-0000-000000000000" XCCodeList_GUID="000000a0-0000-0000-0000-000000000000" Category="cup1" SubCategory="subcup1" DisplayinReferenceRange="true" IsValid="true" IsCopied="false" />
        <TestMapping TestName="02" TestDescription="02" XCCode_GUID="000001a5-0000-0000-0000-000000000000" XCCodeList_GUID="000000a0-0000-0000-0000-000000000000" Category="cup2" SubCategory="subcup2" DisplayinReferenceRange="true" IsValid="true" IsCopied="false" />
        <TestMapping TestName="03" TestDescription="03" XCCode_GUID="000001a6-0000-0000-0000-000000000000" XCCodeList_GUID="000000a0-0000-0000-0000-000000000000" Category="cup3" SubCategory="subcup3" DisplayinReferenceRange="true" IsValid="true" IsCopied="false" />
        <TestMapping TestName="04" TestDescription="04" XCCode_GUID="000001a7-0000-0000-0000-000000000000" XCCodeList_GUID="000000a0-0000-0000-0000-000000000000" Category="cup4" SubCategory="subcup4" DisplayinReferenceRange="true" IsValid="true" IsCopied="false" />
        <TestMapping TestName="05" TestDescription="05" XCCode_GUID="000001a8-0000-0000-0000-000000000000" XCCodeList_GUID="000000a0-0000-0000-0000-000000000000" Category="cup5" SubCategory="subcup5" DisplayinReferenceRange="true" IsValid="true" IsCopied="false" />
        <TestMapping TestName="06" TestDescription="06" XCCode_GUID="000001a9-0000-0000-0000-000000000000" XCCodeList_GUID="000000a0-0000-0000-0000-000000000000" Category="" SubCategory="" DisplayinReferenceRange="true" IsValid="true" IsCopied="false" />
      </TestMappings>
      <UnitMappings>
        <UnitMapping UnitName="[Blank]" UnitDescription="X" XCCode_GUID="00000191-0000-0000-0000-000000000000" XCCodeList_GUID="0000009f-0000-0000-0000-000000000000" IsValid="true" IsCopied="false" />
        <UnitMapping UnitName="01" UnitDescription="01" XCCode_GUID="00000192-0000-0000-0000-000000000000" XCCodeList_GUID="0000009f-0000-0000-0000-000000000000" IsValid="true" IsCopied="false" />
        <UnitMapping UnitName="02" UnitDescription="02" XCCode_GUID="00000193-0000-0000-0000-000000000000" XCCodeList_GUID="0000009f-0000-0000-0000-000000000000" IsValid="true" IsCopied="false" />
        <UnitMapping UnitName="03" UnitDescription="03" XCCode_GUID="00000194-0000-0000-0000-000000000000" XCCodeList_GUID="0000009f-0000-0000-0000-000000000000" IsValid="true" IsCopied="false" />
        <UnitMapping UnitName="04" UnitDescription="04" XCCode_GUID="00000195-0000-0000-0000-000000000000" XCCodeList_GUID="0000009f-0000-0000-0000-000000000000" IsValid="true" IsCopied="false" />
        <UnitMapping UnitName="05" UnitDescription="05" XCCode_GUID="00000196-0000-0000-0000-000000000000" XCCodeList_GUID="0000009f-0000-0000-0000-000000000000" IsValid="true" IsCopied="false" />
        <UnitMapping UnitName="06" UnitDescription="06" XCCode_GUID="00000197-0000-0000-0000-000000000000" XCCodeList_GUID="0000009f-0000-0000-0000-000000000000" IsValid="true" IsCopied="false" />
        <UnitMapping UnitName="09" UnitDescription="09" XCCode_GUID="0000019a-0000-0000-0000-000000000000" XCCodeList_GUID="0000009f-0000-0000-0000-000000000000" IsValid="true" IsCopied="false" />
        <UnitMapping UnitName="10" UnitDescription="10" XCCode_GUID="0000019b-0000-0000-0000-000000000000" XCCodeList_GUID="0000009f-0000-0000-0000-000000000000" IsValid="true" IsCopied="false" />
        <UnitMapping UnitName="11" UnitDescription="11" XCCode_GUID="0000019c-0000-0000-0000-000000000000" XCCodeList_GUID="0000009f-0000-0000-0000-000000000000" IsValid="true" IsCopied="false" />
        <UnitMapping UnitName="12" UnitDescription="12" XCCode_GUID="0000019d-0000-0000-0000-000000000000" XCCodeList_GUID="0000009f-0000-0000-0000-000000000000" IsValid="true" IsCopied="false" />
        <UnitMapping UnitName="13" UnitDescription="13" XCCode_GUID="0000019e-0000-0000-0000-000000000000" XCCodeList_GUID="0000009f-0000-0000-0000-000000000000" IsValid="true" IsCopied="false" />
        <UnitMapping UnitName="14" UnitDescription="14" XCCode_GUID="0000019f-0000-0000-0000-000000000000" XCCodeList_GUID="0000009f-0000-0000-0000-000000000000" IsValid="true" IsCopied="false" />
        <UnitMapping UnitName="F" UnitDescription="F" XCCode_GUID="00000000-0000-0000-0000-000000000000" XCCodeList_GUID="00000000-0000-0000-0000-000000000000" IsValid="false" IsCopied="false" />
        <UnitMapping UnitName="C" UnitDescription="C" XCCode_GUID="00000000-0000-0000-0000-000000000000" XCCodeList_GUID="00000000-0000-0000-0000-000000000000" IsValid="false" IsCopied="false" />
        <UnitMapping UnitName="KG" UnitDescription="KG" XCCode_GUID="00000000-0000-0000-0000-000000000000" XCCodeList_GUID="00000000-0000-0000-0000-000000000000" IsValid="false" IsCopied="false" />
        <UnitMapping UnitName="LB" UnitDescription="LB" XCCode_GUID="00000000-0000-0000-0000-000000000000" XCCodeList_GUID="00000000-0000-0000-0000-000000000000" IsValid="false" IsCopied="false" />
      </UnitMappings>
    </DictionaryMapping>
  </Mapping>
</Export>